{"v":"4.6.3","fr":60,"ip":0,"op":290,"w":450,"h":450,"nm":"Comp 1","ddd":0,"assets":[],"layers":[{"ddd":0,"ind":1,"ty":4,"nm":"step_5","ks":{"o":{"a":0,"k":100},"r":{"a":0,"k":0},"p":{"a":0,"k":[234,216,0]},"a":{"a":0,"k":[0,0,0]},"s":{"a":0,"k":[100,100,100]}},"ao":0,"shapes":[{"ty":"gr","it":[{"ind":0,"ty":"sh","ix":1,"ks":{"a":0,"k":{"i":[[0,0],[0,0]],"o":[[0,0],[0,0]],"v":[[79,-54],[109,-54]],"c":false}},"nm":"Path 1","mn":"ADBE Vector Shape - Group"},{"ty":"tm","s":{"a":1,"k":[{"i":{"x":[0.667],"y":[1]},"o":{"x":[0.333],"y":[0]},"n":["0p667_1_0p333_0"],"t":192,"s":[60],"e":[0]},{"i":{"x":[0.667],"y":[0.667]},"o":{"x":[0.333],"y":[0.333]},"n":["0p667_0p667_0p333_0p333"],"t":196,"s":[0],"e":[0]},{"i":{"x":[0.833],"y":[1]},"o":{"x":[0.333],"y":[0]},"n":["0p833_1_0p333_0"],"t":215,"s":[0],"e":[80]},{"t":217}],"ix":1},"e":{"a":1,"k":[{"i":{"x":[0.667],"y":[1]},"o":{"x":[0.333],"y":[0]},"n":["0p667_1_0p333_0"],"t":192,"s":[60],"e":[100]},{"i":{"x":[0.667],"y":[0.667]},"o":{"x":[0.333],"y":[0.333]},"n":["0p667_0p667_0p333_0p333"],"t":196,"s":[100],"e":[100]},{"i":{"x":[0.833],"y":[1]},"o":{"x":[0.333],"y":[0]},"n":["0p833_1_0p333_0"],"t":215,"s":[100],"e":[80]},{"t":217}],"ix":2},"o":{"a":0,"k":0,"ix":3},"m":1,"ix":2,"nm":"Trim Paths 1","mn":"ADBE Vector Filter - Trim"},{"ty":"st","c":{"a":0,"k":[0,0,0,1]},"o":{"a":0,"k":100},"w":{"a":0,"k":9},"lc":2,"lj":1,"ml":4,"nm":"Stroke 1","mn":"ADBE Vector Graphic - Stroke"},{"ty":"tr","p":{"a":0,"k":[0,0],"ix":2},"a":{"a":0,"k":[0,0],"ix":1},"s":{"a":0,"k":[100,100],"ix":3},"r":{"a":0,"k":0,"ix":6},"o":{"a":0,"k":100,"ix":7},"sk":{"a":0,"k":0,"ix":4},"sa":{"a":0,"k":0,"ix":5},"nm":"Transform"}],"nm":"Shape 1","np":4,"cix":2,"ix":1,"mn":"ADBE Vector Group"},{"ty":"gr","it":[{"d":1,"ty":"el","s":{"a":0,"k":[141.094,141.094]},"p":{"a":0,"k":[0,0]},"nm":"Ellipse Path 1","mn":"ADBE Vector Shape - Ellipse"},{"ty":"tm","s":{"a":1,"k":[{"i":{"x":[0.667],"y":[1]},"o":{"x":[0.333],"y":[0]},"n":["0p667_1_0p333_0"],"t":192,"s":[83],"e":[68]},{"i":{"x":[0.667],"y":[0.667]},"o":{"x":[0.333],"y":[0.333]},"n":["0p667_0p667_0p333_0p333"],"t":200,"s":[68],"e":[68]},{"i":{"x":[0.833],"y":[1]},"o":{"x":[0.167],"y":[0]},"n":["0p833_1_0p167_0"],"t":214,"s":[68],"e":[80]},{"t":217}],"ix":1},"e":{"a":1,"k":[{"i":{"x":[0.667],"y":[1]},"o":{"x":[0.333],"y":[0]},"n":["0p667_1_0p333_0"],"t":192,"s":[83],"e":[100]},{"i":{"x":[0.667],"y":[0.667]},"o":{"x":[0.333],"y":[0.333]},"n":["0p667_0p667_0p333_0p333"],"t":200,"s":[100],"e":[100]},{"i":{"x":[0.833],"y":[1]},"o":{"x":[0.167],"y":[0]},"n":["0p833_1_0p167_0"],"t":214,"s":[100],"e":[80]},{"t":217}],"ix":2},"o":{"a":1,"k":[{"i":{"x":[0.667],"y":[1]},"o":{"x":[0.333],"y":[0]},"n":["0p667_1_0p333_0"],"t":214,"s":[0],"e":[-99]},{"t":217}],"ix":3},"m":1,"ix":2,"nm":"Trim Paths 1","mn":"ADBE Vector Filter - Trim"},{"ty":"st","c":{"a":0,"k":[0,0,0,1]},"o":{"a":0,"k":100},"w":{"a":0,"k":11},"lc":2,"lj":1,"ml":4,"nm":"Stroke 1","mn":"ADBE Vector Graphic - Stroke"},{"ty":"tr","p":{"a":0,"k":[-12.453,13.547],"ix":2},"a":{"a":0,"k":[0,0],"ix":1},"s":{"a":0,"k":[68.821,68.821],"ix":3},"r":{"a":0,"k":0,"ix":6},"o":{"a":0,"k":100,"ix":7},"sk":{"a":0,"k":0,"ix":4},"sa":{"a":0,"k":0,"ix":5},"nm":"Transform"}],"nm":"Ellipse 1","np":4,"cix":2,"ix":2,"mn":"ADBE Vector Group"}],"ip":0,"op":318,"st":-112,"bm":0,"sr":1},{"ddd":0,"ind":2,"ty":4,"nm":"Clock","ks":{"o":{"a":0,"k":100},"r":{"a":0,"k":0},"p":{"a":0,"k":[241,225,0]},"a":{"a":0,"k":[0,0,0]},"s":{"a":0,"k":[100,100,100]}},"ao":0,"shapes":[{"ty":"gr","it":[{"ind":0,"ty":"sh","ix":1,"ks":{"a":0,"k":{"i":[[0,45.25],[0,0]],"o":[[0,-45.25],[0,0]],"v":[[-51.25,-83.75],[-51.25,-122.25]],"c":false}},"nm":"Path 1","mn":"ADBE Vector Shape - Group"},{"ty":"tm","s":{"a":1,"k":[{"i":{"x":[0.833],"y":[0.833]},"o":{"x":[0.167],"y":[0.167]},"n":["0p833_0p833_0p167_0p167"],"t":225,"s":[60],"e":[0]},{"i":{"x":[0.833],"y":[0.833]},"o":{"x":[0.167],"y":[0.167]},"n":["0p833_0p833_0p167_0p167"],"t":233,"s":[0],"e":[0]},{"i":{"x":[0.833],"y":[0.833]},"o":{"x":[0.167],"y":[0.167]},"n":["0p833_0p833_0p167_0p167"],"t":265,"s":[0],"e":[60]},{"t":268}],"ix":1},"e":{"a":1,"k":[{"i":{"x":[0.833],"y":[0.833]},"o":{"x":[0.167],"y":[0.167]},"n":["0p833_0p833_0p167_0p167"],"t":225,"s":[60],"e":[100]},{"i":{"x":[0.833],"y":[0.833]},"o":{"x":[0.167],"y":[0.167]},"n":["0p833_0p833_0p167_0p167"],"t":233,"s":[100],"e":[100]},{"i":{"x":[0.833],"y":[0.833]},"o":{"x":[0.167],"y":[0.167]},"n":["0p833_0p833_0p167_0p167"],"t":265,"s":[100],"e":[60]},{"t":268}],"ix":2},"o":{"a":0,"k":0,"ix":3},"m":1,"ix":2,"nm":"Trim Paths 1","mn":"ADBE Vector Filter - Trim"},{"ty":"st","c":{"a":0,"k":[0,0,0,1]},"o":{"a":0,"k":100},"w":{"a":0,"k":8},"lc":2,"lj":2,"nm":"Stroke 1","mn":"ADBE Vector Graphic - Stroke"},{"ty":"fl","c":{"a":0,"k":[1,0.8,0.0392157,1]},"o":{"a":0,"k":100},"r":1,"nm":"Fill 1","mn":"ADBE Vector Graphic - Fill"},{"ty":"tr","p":{"a":0,"k":[-52.354,-84.908],"ix":2},"a":{"a":0,"k":[-51.354,-83.908],"ix":1},"s":{"a":0,"k":[100,100],"ix":3},"r":{"a":1,"k":[{"i":{"x":[0.833],"y":[0.833]},"o":{"x":[0.167],"y":[0.167]},"n":["0p833_0p833_0p167_0p167"],"t":241,"s":[0],"e":[129]},{"i":{"x":[0.833],"y":[0.833]},"o":{"x":[0.167],"y":[0.167]},"n":["0p833_0p833_0p167_0p167"],"t":256,"s":[129],"e":[129]},{"i":{"x":[0.833],"y":[0.833]},"o":{"x":[0.167],"y":[0.167]},"n":["0p833_0p833_0p167_0p167"],"t":265,"s":[129],"e":[209]},{"t":268}],"ix":6},"o":{"a":0,"k":100,"ix":7},"sk":{"a":0,"k":0,"ix":4},"sa":{"a":0,"k":0,"ix":5},"nm":"Transform"}],"nm":"Shape 2","np":4,"cix":2,"ix":1,"mn":"ADBE Vector Group"},{"ty":"gr","it":[{"ind":0,"ty":"sh","ix":1,"ks":{"a":0,"k":{"i":[[0,45.25],[0,0]],"o":[[0,-45.25],[0,0]],"v":[[-51.25,-83.75],[-51.25,-122.25]],"c":false}},"nm":"Path 1","mn":"ADBE Vector Shape - Group"},{"ty":"tm","s":{"a":1,"k":[{"i":{"x":[0.833],"y":[0.833]},"o":{"x":[0.167],"y":[0.167]},"n":["0p833_0p833_0p167_0p167"],"t":226,"s":[70],"e":[0]},{"i":{"x":[0.833],"y":[0.833]},"o":{"x":[0.167],"y":[0.167]},"n":["0p833_0p833_0p167_0p167"],"t":235,"s":[0],"e":[0]},{"i":{"x":[0.833],"y":[0.833]},"o":{"x":[0.167],"y":[0.167]},"n":["0p833_0p833_0p167_0p167"],"t":264,"s":[0],"e":[70]},{"t":271}],"ix":1},"e":{"a":1,"k":[{"i":{"x":[0.833],"y":[0.833]},"o":{"x":[0.167],"y":[0.167]},"n":["0p833_0p833_0p167_0p167"],"t":226,"s":[70],"e":[100]},{"i":{"x":[0.833],"y":[0.833]},"o":{"x":[0.167],"y":[0.167]},"n":["0p833_0p833_0p167_0p167"],"t":234,"s":[100],"e":[100]},{"i":{"x":[0.833],"y":[0.833]},"o":{"x":[0.167],"y":[0.167]},"n":["0p833_0p833_0p167_0p167"],"t":264,"s":[100],"e":[70]},{"t":271}],"ix":2},"o":{"a":0,"k":0,"ix":3},"m":1,"ix":2,"nm":"Trim Paths 1","mn":"ADBE Vector Filter - Trim"},{"ty":"st","c":{"a":0,"k":[0,0,0,1]},"o":{"a":0,"k":100},"w":{"a":0,"k":8},"lc":2,"lj":2,"nm":"Stroke 1","mn":"ADBE Vector Graphic - Stroke"},{"ty":"fl","c":{"a":0,"k":[1,0.8,0.0392157,1]},"o":{"a":0,"k":100},"r":1,"nm":"Fill 1","mn":"ADBE Vector Graphic - Fill"},{"ty":"tr","p":{"a":0,"k":[-52.573,-84.076],"ix":2},"a":{"a":0,"k":[-51.573,-84.076],"ix":1},"s":{"a":0,"k":[100,100],"ix":3},"r":{"a":1,"k":[{"i":{"x":[0.667],"y":[1]},"o":{"x":[0.333],"y":[0]},"n":["0p667_1_0p333_0"],"t":231,"s":[0],"e":[46]},{"i":{"x":[0.667],"y":[0.667]},"o":{"x":[0.333],"y":[0.333]},"n":["0p667_0p667_0p333_0p333"],"t":256,"s":[46],"e":[46]},{"i":{"x":[0.833],"y":[1]},"o":{"x":[0.333],"y":[0]},"n":["0p833_1_0p333_0"],"t":265,"s":[46],"e":[351]},{"t":269}],"ix":6},"o":{"a":0,"k":100,"ix":7},"sk":{"a":0,"k":0,"ix":4},"sa":{"a":0,"k":0,"ix":5},"nm":"Transform"}],"nm":"Shape 1","np":4,"cix":2,"ix":2,"mn":"ADBE Vector Group"}],"ip":0,"op":318,"st":-112,"bm":0,"sr":1},{"ddd":0,"ind":3,"ty":4,"nm":"step_6-wheels","ks":{"o":{"a":0,"k":100},"r":{"a":0,"k":0},"p":{"a":0,"k":[243,227,0]},"a":{"a":0,"k":[0,0,0]},"s":{"a":0,"k":[100,100,100]}},"ao":0,"shapes":[{"ty":"gr","it":[{"d":1,"ty":"el","s":{"a":0,"k":[49.66,49.66]},"p":{"a":0,"k":[0,0]},"nm":"Ellipse Path 1","mn":"ADBE Vector Shape - Ellipse"},{"ty":"st","c":{"a":0,"k":[0,0,0,1]},"o":{"a":0,"k":100},"w":{"a":0,"k":6},"lc":1,"lj":1,"ml":4,"nm":"Stroke 1","mn":"ADBE Vector Graphic - Stroke"},{"ty":"fl","c":{"a":0,"k":[1,1,1,1]},"o":{"a":0,"k":100},"r":1,"nm":"Fill 1","mn":"ADBE Vector Graphic - Fill"},{"ty":"tr","p":{"a":1,"k":[{"i":{"x":0.667,"y":1},"o":{"x":0.333,"y":0},"n":"0p667_1_0p333_0","t":231,"s":[-71.721,72.285],"e":[-71.721,97.384],"to":[0,2.3859281539917],"ti":[0,-5.04915237426758]},{"i":{"x":0.667,"y":0.826},"o":{"x":0.333,"y":0},"n":"0p667_0p826_0p333_0","t":234,"s":[-71.721,97.384],"e":[-71.721,86.269],"to":[0,1.10191881656647],"ti":[0,2.17201495170593]},{"i":{"x":0.667,"y":1},"o":{"x":0.333,"y":0.739},"n":"0p667_1_0p333_0p739","t":236,"s":[-71.721,86.269],"e":[-71.721,91.299],"to":[0,-1.09420621395111],"ti":[0,-0.26231601834297]},{"t":240}],"ix":2},"a":{"a":0,"k":[0,0],"ix":1},"s":{"a":1,"k":[{"i":{"x":[0.833,0.833],"y":[0.833,0.833]},"o":{"x":[0.167,0.167],"y":[0.167,0.167]},"n":["0p833_0p833_0p167_0p167","0p833_0p833_0p167_0p167"],"t":239,"s":[108.027,108.027],"e":[108.027,108.027]},{"i":{"x":[0.833,0.833],"y":[1,1]},"o":{"x":[0.167,0.167],"y":[0,0]},"n":["0p833_1_0p167_0","0p833_1_0p167_0"],"t":269,"s":[108.027,108.027],"e":[0,0]},{"t":275}],"ix":3},"r":{"a":0,"k":0,"ix":6},"o":{"a":1,"k":[{"i":{"x":[0.833],"y":[0.833]},"o":{"x":[0.167],"y":[0.167]},"n":["0p833_0p833_0p167_0p167"],"t":230,"s":[0],"e":[100]},{"t":231}],"ix":7},"sk":{"a":0,"k":0,"ix":4},"sa":{"a":0,"k":0,"ix":5},"nm":"Transform"}],"nm":"Ellipse 2","np":3,"cix":2,"ix":1,"mn":"ADBE Vector Group"},{"ty":"gr","it":[{"d":1,"ty":"el","s":{"a":0,"k":[49.66,49.66]},"p":{"a":0,"k":[0,0]},"nm":"Ellipse Path 1","mn":"ADBE Vector Shape - Ellipse"},{"ty":"st","c":{"a":0,"k":[0,0,0,1]},"o":{"a":0,"k":100},"w":{"a":0,"k":6},"lc":1,"lj":1,"ml":4,"nm":"Stroke 1","mn":"ADBE Vector Graphic - Stroke"},{"ty":"fl","c":{"a":0,"k":[1,1,1,1]},"o":{"a":0,"k":100},"r":1,"nm":"Fill 1","mn":"ADBE Vector Graphic - Fill"},{"ty":"tr","p":{"a":1,"k":[{"i":{"x":0.667,"y":1},"o":{"x":0.333,"y":0},"n":"0p667_1_0p333_0","t":233,"s":[61.627,53.479],"e":[61.627,92.166],"to":[0,6.44791650772095],"ti":[0,-5.77213525772095]},{"i":{"x":0.667,"y":1},"o":{"x":0.333,"y":0},"n":"0p667_1_0p333_0","t":234,"s":[61.627,92.166],"e":[61.627,88.111],"to":[0,5.77213525772095],"ti":[0,0.14453125]},{"i":{"x":0.667,"y":1},"o":{"x":0.333,"y":0},"n":"0p667_1_0p333_0","t":236,"s":[61.627,88.111],"e":[61.627,91.299],"to":[0,-0.14453125],"ti":[0,-0.53125]},{"t":238}],"ix":2},"a":{"a":0,"k":[0,0],"ix":1},"s":{"a":1,"k":[{"i":{"x":[0.833,0.833],"y":[0.833,0.833]},"o":{"x":[0.167,0.167],"y":[0.167,0.167]},"n":["0p833_0p833_0p167_0p167","0p833_0p833_0p167_0p167"],"t":239,"s":[108.027,108.027],"e":[108.027,108.027]},{"i":{"x":[0.833,0.833],"y":[1,1]},"o":{"x":[0.167,0.167],"y":[0,0]},"n":["0p833_1_0p167_0","0p833_1_0p167_0"],"t":267,"s":[108.027,108.027],"e":[0,0]},{"t":269}],"ix":3},"r":{"a":0,"k":0,"ix":6},"o":{"a":1,"k":[{"i":{"x":[0.833],"y":[0.833]},"o":{"x":[0.167],"y":[0.167]},"n":["0p833_0p833_0p167_0p167"],"t":232,"s":[0],"e":[100]},{"t":233}],"ix":7},"sk":{"a":0,"k":0,"ix":4},"sa":{"a":0,"k":0,"ix":5},"nm":"Transform"}],"nm":"Ellipse 1","np":3,"cix":2,"ix":2,"mn":"ADBE Vector Group"}],"ip":0,"op":318,"st":-112,"bm":0,"sr":1},{"ddd":0,"ind":4,"ty":4,"nm":"main Shape","ks":{"o":{"a":0,"k":100},"r":{"a":0,"k":0},"p":{"a":1,"k":[{"i":{"x":0.833,"y":0.833},"o":{"x":0.167,"y":0.167},"n":"0p833_0p833_0p167_0p167","t":3,"s":[228.351,220.087,0],"e":[228.351,220.087,0],"to":[-0.000005432129,0,0],"ti":[-2.18472266197205,-0.15218861401081,0]},{"i":{"x":0.833,"y":0.833},"o":{"x":0.167,"y":0.167},"n":"0p833_0p833_0p167_0p167","t":83,"s":[228.351,220.087,0],"e":[241.459,221,0],"to":[2.18472266197205,0.15218861401081,0],"ti":[-2.18472790718079,-0.15218861401081,0]},{"i":{"x":0.833,"y":0.833},"o":{"x":0.167,"y":0.167},"n":"0p833_0p833_0p167_0p167","t":94,"s":[241.459,221,0],"e":[241.459,221,0],"to":[0,0,0],"ti":[0,0,0]},{"i":{"x":0.833,"y":0.833},"o":{"x":0.167,"y":0.167},"n":"0p833_0p833_0p167_0p167","t":269,"s":[241.459,221,0],"e":[228.351,220.087,0],"to":[-2.18472266197205,-0.15218861401081,0],"ti":[2.18472266197205,0.15218861401081,0]},{"t":274}]},"a":{"a":0,"k":[0,0,0]},"s":{"a":0,"k":[100,100,100]}},"ao":0,"shapes":[{"ty":"gr","it":[{"d":1,"ty":"el","s":{"a":0,"k":[183.566,183.566]},"p":{"a":0,"k":[0,0]},"nm":"Ellipse Path 1","mn":"ADBE Vector Shape - Ellipse"},{"ty":"st","c":{"a":0,"k":[0,0,0,1]},"o":{"a":0,"k":100},"w":{"a":1,"k":[{"i":{"x":[0.833],"y":[0.833]},"o":{"x":[0.167],"y":[0.167]},"n":["0p833_0p833_0p167_0p167"],"t":202,"s":[6],"e":[6]},{"i":{"x":[0.833],"y":[0.833]},"o":{"x":[0.167],"y":[0.167]},"n":["0p833_0p833_0p167_0p167"],"t":214,"s":[6],"e":[10]},{"t":221}]},"lc":1,"lj":1,"ml":4,"nm":"Stroke 1","mn":"ADBE Vector Graphic - Stroke"},{"ty":"fl","c":{"a":1,"k":[{"i":{"x":[0.833],"y":[0.833]},"o":{"x":[0.167],"y":[0.167]},"n":["0p833_0p833_0p167_0p167"],"t":3,"s":[1,1,1,1],"e":[0.9998775,0.9598395,0.9598395,1]},{"i":{"x":[0.833],"y":[0.833]},"o":{"x":[0.167],"y":[0.167]},"n":["0p833_0p833_0p167_0p167"],"t":145,"s":[0.9998775,0.9598395,0.9598395,1],"e":[1,0.8,0.0392157,1]},{"t":183}]},"o":{"a":1,"k":[{"i":{"x":[0.833],"y":[0.833]},"o":{"x":[0.167],"y":[0.167]},"n":["0p833_0p833_0p167_0p167"],"t":145,"s":[0],"e":[0]},{"i":{"x":[0.833],"y":[0.833]},"o":{"x":[0.167],"y":[0.167]},"n":["0p833_0p833_0p167_0p167"],"t":161,"s":[0],"e":[0]},{"i":{"x":[0.833],"y":[0.833]},"o":{"x":[0.167],"y":[0.167]},"n":["0p833_0p833_0p167_0p167"],"t":168,"s":[0],"e":[0]},{"i":{"x":[0.833],"y":[0.833]},"o":{"x":[0.167],"y":[0.167]},"n":["0p833_0p833_0p167_0p167"],"t":177,"s":[0],"e":[100]},{"t":179}]},"r":1,"nm":"Fill 1","mn":"ADBE Vector Graphic - Fill"},{"ty":"tr","p":{"a":1,"k":[{"i":{"x":0.833,"y":0.833},"o":{"x":0.333,"y":0.333},"n":"0p833_0p833_0p333_0p333","t":145,"s":[-13.021,-6.57],"e":[-13.021,-6.57],"to":[0,0],"ti":[0,0]},{"i":{"x":0.833,"y":0.833},"o":{"x":0.167,"y":0.167},"n":"0p833_0p833_0p167_0p167","t":165,"s":[-13.021,-6.57],"e":[-15.861,9.672],"to":[-0.47330728173256,2.70703125],"ti":[0.47330728173256,-2.70703125]},{"i":{"x":0.833,"y":0.833},"o":{"x":0.167,"y":0.167},"n":"0p833_0p833_0p167_0p167","t":190,"s":[-15.861,9.672],"e":[-15.861,9.672],"to":[0,0],"ti":[0,0]},{"i":{"x":0.833,"y":0.833},"o":{"x":0.167,"y":0.167},"n":"0p833_0p833_0p167_0p167","t":217,"s":[-15.861,9.672],"e":[-50.557,-86.387],"to":[-5.78255224227905,-16.009765625],"ti":[5.78255224227905,16.009765625]},{"t":222}],"ix":2},"a":{"a":0,"k":[0,0],"ix":1},"s":{"a":1,"k":[{"i":{"x":[0.667,0.667],"y":[1,1]},"o":{"x":[0.333,0.333],"y":[0,0]},"n":["0p667_1_0p333_0","0p667_1_0p333_0"],"t":133,"s":[2.925,2.925],"e":[106.047,106.047]},{"i":{"x":[0,0],"y":[-0.601,-0.601]},"o":{"x":[0.322,0.322],"y":[0,0]},"n":["0_-0p601_0p322_0","0_-0p601_0p322_0"],"t":139,"s":[106.047,106.047],"e":[134.432,134.432]},{"i":{"x":[1,1],"y":[1,1]},"o":{"x":[0.329,0.329],"y":[0,0]},"n":["1_1_0p329_0","1_1_0p329_0"],"t":141,"s":[134.432,134.432],"e":[108.401,108.401]},{"i":{"x":[0.667,0.667],"y":[1,1]},"o":{"x":[0.366,0.366],"y":[0.672,0.672]},"n":["0p667_1_0p366_0p672","0p667_1_0p366_0p672"],"t":147,"s":[108.401,108.401],"e":[106.047,106.047]},{"i":{"x":[0.833,0.833],"y":[0.833,0.833]},"o":{"x":[0.333,0.333],"y":[0,0]},"n":["0p833_0p833_0p333_0","0p833_0p833_0p333_0"],"t":165,"s":[106.047,106.047],"e":[82.105,82.105]},{"i":{"x":[0.833,0.833],"y":[0.833,0.833]},"o":{"x":[0.167,0.167],"y":[0.167,0.167]},"n":["0p833_0p833_0p167_0p167","0p833_0p833_0p167_0p167"],"t":190,"s":[82.105,82.105],"e":[82.105,82.105]},{"i":{"x":[0.833,0.833],"y":[0.833,0.833]},"o":{"x":[0.167,0.167],"y":[0.167,0.167]},"n":["0p833_0p833_0p167_0p167","0p833_0p833_0p167_0p167"],"t":217,"s":[82.105,82.105],"e":[54.003,54.003]},{"i":{"x":[0.833,0.833],"y":[0.833,0.833]},"o":{"x":[0.167,0.167],"y":[0.167,0.167]},"n":["0p833_0p833_0p167_0p167","0p833_0p833_0p167_0p167"],"t":223,"s":[54.003,54.003],"e":[54.003,54.003]},{"i":{"x":[0.833,0.833],"y":[0.833,0.833]},"o":{"x":[0.167,0.167],"y":[0.167,0.167]},"n":["0p833_0p833_0p167_0p167","0p833_0p833_0p167_0p167"],"t":272,"s":[54.003,54.003],"e":[0,0]},{"t":279}],"ix":3},"r":{"a":0,"k":0,"ix":6},"o":{"a":1,"k":[{"i":{"x":[0.833],"y":[0.833]},"o":{"x":[0.167],"y":[0.167]},"n":["0p833_0p833_0p167_0p167"],"t":130,"s":[0],"e":[100]},{"t":133}],"ix":7},"sk":{"a":0,"k":0,"ix":4},"sa":{"a":0,"k":0,"ix":5},"nm":"Transform"}],"nm":"Small_circle","np":3,"cix":2,"ix":1,"mn":"ADBE Vector Group"},{"ty":"gr","it":[{"ind":0,"ty":"sh","ix":1,"ks":{"a":1,"k":[{"i":{"x":0.667,"y":1},"o":{"x":0.333,"y":0},"n":"0p667_1_0p333_0","t":3,"s":[{"i":[[11.611,2.073],[16,-16],[11.442,-13.097],[51,-54.5],[-21.78,21.322],[-37.25,36],[-25.663,22.96],[16.019,-8.625],[18.974,0],[-3.5,23]],"o":[[-14,-2.5],[-16.508,16.508],[-41.5,47.5],[-19.959,21.329],[47.5,-46.5],[13.261,-12.816],[13.559,-12.131],[-6.5,3.5],[-14,0],[1.774,-11.66]],"v":[[80.5,-118],[25.5,-99],[15,-54],[-113.5,77],[-74.5,114],[52.75,-14],[106.163,-28.46],[114.5,-81],[86.5,-58],[58.5,-90]],"c":true}],"e":[{"i":[[11.611,2.073],[16,-16],[11.442,-13.097],[51,-54.5],[-21.78,21.322],[-37.25,36],[-25.663,22.96],[16.019,-8.625],[18.974,0],[-3.5,23]],"o":[[-14,-2.5],[-16.508,16.508],[-41.5,47.5],[-19.959,21.329],[47.5,-46.5],[13.261,-12.816],[13.559,-12.131],[-6.5,3.5],[-14,0],[1.774,-11.66]],"v":[[80.5,-118],[25.5,-99],[15,-54],[-113.5,77],[-74.5,114],[52.75,-14],[106.163,-28.46],[114.5,-81],[86.5,-58],[58.5,-90]],"c":true}]},{"i":{"x":0.667,"y":1},"o":{"x":0.333,"y":0},"n":"0p667_1_0p333_0","t":26,"s":[{"i":[[11.611,2.073],[16,-16],[11.442,-13.097],[51,-54.5],[-21.78,21.322],[-37.25,36],[-25.663,22.96],[16.019,-8.625],[18.974,0],[-3.5,23]],"o":[[-14,-2.5],[-16.508,16.508],[-41.5,47.5],[-19.959,21.329],[47.5,-46.5],[13.261,-12.816],[13.559,-12.131],[-6.5,3.5],[-14,0],[1.774,-11.66]],"v":[[80.5,-118],[25.5,-99],[15,-54],[-113.5,77],[-74.5,114],[52.75,-14],[106.163,-28.46],[114.5,-81],[86.5,-58],[58.5,-90]],"c":true}],"e":[{"i":[[11.611,2.073],[16,-16],[11.442,-13.097],[51,-54.5],[-21.78,21.322],[-37.25,36],[-25.663,22.96],[16.019,-8.625],[18.974,0],[-3.5,23]],"o":[[-14,-2.5],[-16.508,16.508],[-41.5,47.5],[-19.959,21.329],[47.5,-46.5],[13.261,-12.816],[13.559,-12.131],[-6.5,3.5],[-14,0],[1.774,-11.66]],"v":[[80.5,-118],[25.5,-99],[15,-54],[-113.5,77],[-74.5,114],[52.75,-14],[106.163,-28.46],[114.5,-81],[86.5,-58],[58.5,-90]],"c":true}]},{"i":{"x":0.667,"y":1},"o":{"x":0.333,"y":0},"n":"0p667_1_0p333_0","t":40,"s":[{"i":[[11.611,2.073],[16,-16],[11.442,-13.097],[51,-54.5],[-21.78,21.322],[-37.25,36],[-25.663,22.96],[16.019,-8.625],[18.974,0],[-3.5,23]],"o":[[-14,-2.5],[-16.508,16.508],[-41.5,47.5],[-19.959,21.329],[47.5,-46.5],[13.261,-12.816],[13.559,-12.131],[-6.5,3.5],[-14,0],[1.774,-11.66]],"v":[[80.5,-118],[25.5,-99],[15,-54],[-113.5,77],[-74.5,114],[52.75,-14],[106.163,-28.46],[114.5,-81],[86.5,-58],[58.5,-90]],"c":true}],"e":[{"i":[[0,0],[0,0],[0,0],[0,0],[0,0],[0,0],[0,0],[0,0],[0,0],[0,0]],"o":[[0,0],[0,0],[0,0],[0,0],[0,0],[0,0],[0,0],[0,0],[0,0],[0,0]],"v":[[-116.911,23.381],[-109.309,55.69],[-94.339,122.077],[-92.394,131.735],[-32.634,130.901],[-26.324,108.432],[-17.341,74.26],[-9.787,44.431],[-4.702,22.369],[-67.339,21.857]],"c":true}]},{"i":{"x":0.667,"y":1},"o":{"x":0.333,"y":0},"n":"0p667_1_0p333_0","t":58,"s":[{"i":[[0,0],[0,0],[0,0],[0,0],[0,0],[0,0],[0,0],[0,0],[0,0],[0,0]],"o":[[0,0],[0,0],[0,0],[0,0],[0,0],[0,0],[0,0],[0,0],[0,0],[0,0]],"v":[[-116.911,23.381],[-109.309,55.69],[-94.339,122.077],[-92.394,131.735],[-32.634,130.901],[-26.324,108.432],[-17.341,74.26],[-9.787,44.431],[-4.702,22.369],[-67.339,21.857]],"c":true}],"e":[{"i":[[0,0],[0,0],[0,0],[0,0],[0,0],[0,0],[0,0],[0,0],[0,0],[0,0]],"o":[[0,0],[0,0],[0,0],[0,0],[0,0],[0,0],[0,0],[0,0],[0,0],[0,0]],"v":[[-116.911,23.381],[-109.309,55.69],[-94.339,122.077],[-92.394,131.735],[-32.634,130.901],[-26.324,108.432],[-17.341,74.26],[-9.787,44.431],[-4.702,22.369],[-67.339,21.857]],"c":true}]},{"i":{"x":0.667,"y":1},"o":{"x":0.333,"y":0},"n":"0p667_1_0p333_0","t":83,"s":[{"i":[[0,0],[0,0],[0,0],[0,0],[0,0],[0,0],[0,0],[0,0],[0,0],[0,0]],"o":[[0,0],[0,0],[0,0],[0,0],[0,0],[0,0],[0,0],[0,0],[0,0],[0,0]],"v":[[-116.911,23.381],[-109.309,55.69],[-94.339,122.077],[-92.394,131.735],[-32.634,130.901],[-26.324,108.432],[-17.341,74.26],[-9.787,44.431],[-4.702,22.369],[-67.339,21.857]],"c":true}],"e":[{"i":[[13.744,-11.548],[0.09,-19.103],[0.154,-10.442],[-8.161,-1.073],[-80.699,-0.901],[-20.424,0.863],[-6.492,7.407],[-1.344,42.597],[5.961,4.197],[80.939,0.043]],"o":[[-4.896,4.113],[-0.053,11.295],[-0.161,10.923],[17.227,2.265],[20.441,0.228],[25.991,-1.098],[8.285,-9.453],[1.287,-40.765],[-11.364,-8.002],[-104.754,-0.055]],"v":[[-151.379,-106.717],[-154.311,-50.407],[-154.346,-18.52],[-144.067,6.804],[-35.139,9.235],[39.837,9.432],[126.99,4.186],[133.216,-53.976],[127.735,-110.405],[-7.239,-114.376]],"c":true}]},{"i":{"x":0.667,"y":1},"o":{"x":0.333,"y":0},"n":"0p667_1_0p333_0","t":94,"s":[{"i":[[13.744,-11.548],[0.09,-19.103],[0.154,-10.442],[-8.161,-1.073],[-80.699,-0.901],[-20.424,0.863],[-6.492,7.407],[-1.344,42.597],[5.961,4.197],[80.939,0.043]],"o":[[-4.896,4.113],[-0.053,11.295],[-0.161,10.923],[17.227,2.265],[20.441,0.228],[25.991,-1.098],[8.285,-9.453],[1.287,-40.765],[-11.364,-8.002],[-104.754,-0.055]],"v":[[-151.379,-106.717],[-154.311,-50.407],[-154.346,-18.52],[-144.067,6.804],[-35.139,9.235],[39.837,9.432],[126.99,4.186],[133.216,-53.976],[127.735,-110.405],[-7.239,-114.376]],"c":true}],"e":[{"i":[[13.744,-11.548],[0.09,-19.103],[0.154,-10.442],[-8.161,-1.073],[-80.7,-0.901],[-20.424,0.863],[-6.492,7.407],[-1.344,42.597],[5.961,4.197],[80.939,0.043]],"o":[[-4.896,4.113],[-0.053,11.295],[-0.161,10.923],[17.227,2.265],[20.441,0.228],[25.991,-1.098],[8.285,-9.453],[1.287,-40.765],[-11.364,-8.002],[-104.754,-0.055]],"v":[[-138.744,-100.119],[-141.809,-50.81],[-141.839,-26.923],[-131.56,-1.598],[-35.634,1.235],[39.342,1.432],[107.492,-3.407],[113.713,-53.569],[108.364,-102.998],[-7.606,-107.376]],"c":true}]},{"i":{"x":0.667,"y":1},"o":{"x":0.333,"y":0},"n":"0p667_1_0p333_0","t":99,"s":[{"i":[[13.744,-11.548],[0.09,-19.103],[0.154,-10.442],[-8.161,-1.073],[-80.7,-0.901],[-20.424,0.863],[-6.492,7.407],[-1.344,42.597],[5.961,4.197],[80.939,0.043]],"o":[[-4.896,4.113],[-0.053,11.295],[-0.161,10.923],[17.227,2.265],[20.441,0.228],[25.991,-1.098],[8.285,-9.453],[1.287,-40.765],[-11.364,-8.002],[-104.754,-0.055]],"v":[[-138.744,-100.119],[-141.809,-50.81],[-141.839,-26.923],[-131.56,-1.598],[-35.634,1.235],[39.342,1.432],[107.492,-3.407],[113.713,-53.569],[108.364,-102.998],[-7.606,-107.376]],"c":true}],"e":[{"i":[[13.744,-11.548],[0.09,-19.103],[0.154,-10.442],[-8.161,-1.073],[-80.7,-0.901],[-20.424,0.863],[-6.492,7.407],[-1.344,42.597],[5.961,4.197],[80.939,0.043]],"o":[[-4.896,4.113],[-0.053,11.295],[-0.161,10.923],[17.227,2.265],[20.441,0.228],[25.991,-1.098],[8.285,-9.453],[1.287,-40.765],[-11.364,-8.002],[-104.754,-0.055]],"v":[[-138.744,-100.119],[-141.809,-50.81],[-141.839,-26.923],[-131.56,-1.598],[-35.634,1.235],[39.342,1.432],[107.492,-3.407],[113.713,-53.569],[108.364,-102.998],[-7.606,-107.376]],"c":true}]},{"i":{"x":0.667,"y":1},"o":{"x":0.333,"y":0},"n":"0p667_1_0p333_0","t":129,"s":[{"i":[[13.744,-11.548],[0.09,-19.103],[0.154,-10.442],[-8.161,-1.073],[-80.7,-0.901],[-20.424,0.863],[-6.492,7.407],[-1.344,42.597],[5.961,4.197],[80.939,0.043]],"o":[[-4.896,4.113],[-0.053,11.295],[-0.161,10.923],[17.227,2.265],[20.441,0.228],[25.991,-1.098],[8.285,-9.453],[1.287,-40.765],[-11.364,-8.002],[-104.754,-0.055]],"v":[[-138.744,-100.119],[-141.809,-50.81],[-141.839,-26.923],[-131.56,-1.598],[-35.634,1.235],[39.342,1.432],[107.492,-3.407],[113.713,-53.569],[108.364,-102.998],[-7.606,-107.376]],"c":true}],"e":[{"i":[[14.21,-10.969],[8.309,-26.69],[-1.661,-18.577],[-17.44,-26.902],[-30.247,-6.5],[-12.842,6.068],[-21.239,29.496],[0.287,22.069],[6.588,8.945],[40.753,-2.253]],"o":[[-13.756,10.619],[-3.456,11.1],[0.973,10.88],[12.144,18.732],[36.134,7.765],[25.325,-11.967],[10.508,-14.593],[-0.558,-42.934],[-14.364,-19.502],[-24.894,1.376]],"v":[[-87.744,-106.619],[-129.309,-50.31],[-134.839,-0.923],[-114.56,59.402],[-42.634,111.735],[35.342,107.432],[91.492,59.093],[111.213,-9.069],[79.864,-89.998],[-20.106,-131.876]],"c":true}]},{"i":{"x":0.667,"y":1},"o":{"x":0.333,"y":0},"n":"0p667_1_0p333_0","t":137,"s":[{"i":[[14.21,-10.969],[8.309,-26.69],[-1.661,-18.577],[-17.44,-26.902],[-30.247,-6.5],[-12.842,6.068],[-21.239,29.496],[0.287,22.069],[6.588,8.945],[40.753,-2.253]],"o":[[-13.756,10.619],[-3.456,11.1],[0.973,10.88],[12.144,18.732],[36.134,7.765],[25.325,-11.967],[10.508,-14.593],[-0.558,-42.934],[-14.364,-19.502],[-24.894,1.376]],"v":[[-87.744,-106.619],[-129.309,-50.31],[-134.839,-0.923],[-114.56,59.402],[-42.634,111.735],[35.342,107.432],[91.492,59.093],[111.213,-9.069],[79.864,-89.998],[-20.106,-131.876]],"c":true}],"e":[{"i":[[14.21,-10.969],[8.309,-26.69],[-1.661,-18.577],[-17.44,-26.902],[-30.247,-6.5],[-12.842,6.068],[-21.239,29.496],[0.287,22.069],[6.588,8.945],[40.753,-2.253]],"o":[[-13.756,10.619],[-3.456,11.1],[0.973,10.88],[12.144,18.732],[36.134,7.765],[25.325,-11.967],[10.508,-14.593],[-0.558,-42.934],[-14.364,-19.502],[-24.894,1.376]],"v":[[-87.744,-106.619],[-129.309,-50.31],[-134.839,-0.923],[-114.56,59.402],[-42.634,111.735],[35.342,107.432],[91.492,59.093],[111.213,-9.069],[79.864,-89.998],[-20.106,-131.876]],"c":true}]},{"i":{"x":0.667,"y":1},"o":{"x":0.333,"y":0},"n":"0p667_1_0p333_0","t":145,"s":[{"i":[[14.21,-10.969],[8.309,-26.69],[-1.661,-18.577],[-17.44,-26.902],[-30.247,-6.5],[-12.842,6.068],[-21.239,29.496],[0.287,22.069],[6.588,8.945],[40.753,-2.253]],"o":[[-13.756,10.619],[-3.456,11.1],[0.973,10.88],[12.144,18.732],[36.134,7.765],[25.325,-11.967],[10.508,-14.593],[-0.558,-42.934],[-14.364,-19.502],[-24.894,1.376]],"v":[[-87.744,-106.619],[-129.309,-50.31],[-134.839,-0.923],[-114.56,59.402],[-42.634,111.735],[35.342,107.432],[91.492,59.093],[111.213,-9.069],[79.864,-89.998],[-20.106,-131.876]],"c":true}],"e":[{"i":[[14.21,-10.969],[8.309,-26.69],[-1.661,-18.577],[-17.44,-26.902],[-30.247,-6.5],[-12.842,6.068],[-21.239,29.496],[0.287,22.069],[6.588,8.945],[40.753,-2.253]],"o":[[-13.756,10.619],[-3.456,11.1],[0.973,10.88],[12.144,18.732],[36.134,7.765],[25.325,-11.967],[10.508,-14.593],[-0.558,-42.934],[-14.364,-19.502],[-24.894,1.376]],"v":[[-87.744,-106.619],[-129.309,-50.31],[-134.839,-0.923],[-114.56,59.402],[-42.634,111.735],[35.342,107.432],[91.492,59.093],[111.213,-9.069],[79.864,-89.998],[-20.106,-131.876]],"c":true}]},{"i":{"x":0.667,"y":1},"o":{"x":0.333,"y":0},"n":"0p667_1_0p333_0","t":165,"s":[{"i":[[14.21,-10.969],[8.309,-26.69],[-1.661,-18.577],[-17.44,-26.902],[-30.247,-6.5],[-12.842,6.068],[-21.239,29.496],[0.287,22.069],[6.588,8.945],[40.753,-2.253]],"o":[[-13.756,10.619],[-3.456,11.1],[0.973,10.88],[12.144,18.732],[36.134,7.765],[25.325,-11.967],[10.508,-14.593],[-0.558,-42.934],[-14.364,-19.502],[-24.894,1.376]],"v":[[-87.744,-106.619],[-129.309,-50.31],[-134.839,-0.923],[-114.56,59.402],[-42.634,111.735],[35.342,107.432],[91.492,59.093],[111.213,-9.069],[79.864,-89.998],[-20.106,-131.876]],"c":true}],"e":[{"i":[[19.111,-1.309],[12.809,-16.59],[12.49,-16.536],[-0.494,-49.424],[-11.822,-5.528],[-20.42,0.963],[-13.142,13.74],[-1.857,44.777],[5.961,4.197],[16.406,-0.024]],"o":[[-4.656,0.319],[-6.903,8.941],[-5.783,7.656],[0.539,53.931],[11.616,5.432],[65.665,-3.098],[15.05,-15.736],[1.594,-38.431],[-11.364,-8.002],[-7.236,0.01]],"v":[[-65.945,-125.876],[-100.011,-88.766],[-147.574,-77.48],[-151.895,-15.755],[-142.969,106.078],[-18.324,112.941],[123.492,105.103],[129.853,-58.726],[58.563,-85.555],[18.193,-126.133]],"c":true}]},{"i":{"x":0.667,"y":1},"o":{"x":0.333,"y":0},"n":"0p667_1_0p333_0","t":183,"s":[{"i":[[19.111,-1.309],[12.809,-16.59],[12.49,-16.536],[-0.494,-49.424],[-11.822,-5.528],[-20.42,0.963],[-13.142,13.74],[-1.857,44.777],[5.961,4.197],[16.406,-0.024]],"o":[[-4.656,0.319],[-6.903,8.941],[-5.783,7.656],[0.539,53.931],[11.616,5.432],[65.665,-3.098],[15.05,-15.736],[1.594,-38.431],[-11.364,-8.002],[-7.236,0.01]],"v":[[-65.945,-125.876],[-100.011,-88.766],[-147.574,-77.48],[-151.895,-15.755],[-142.969,106.078],[-18.324,112.941],[123.492,105.103],[129.853,-58.726],[58.563,-85.555],[18.193,-126.133]],"c":true}],"e":[{"i":[[19.111,-1.309],[12.809,-16.59],[12.49,-16.536],[-0.494,-49.424],[-11.822,-5.528],[-20.42,0.963],[-13.142,13.74],[-1.857,44.777],[5.961,4.197],[16.406,-0.024]],"o":[[-4.656,0.319],[-6.903,8.941],[-5.783,7.656],[0.539,53.931],[11.616,5.432],[65.665,-3.098],[15.05,-15.736],[1.594,-38.431],[-11.364,-8.002],[-7.236,0.01]],"v":[[-65.945,-125.876],[-100.011,-88.766],[-147.574,-77.48],[-151.895,-15.755],[-142.969,106.078],[-18.324,112.941],[123.492,105.103],[129.853,-58.726],[58.563,-85.555],[18.193,-126.133]],"c":true}]},{"i":{"x":0.667,"y":1},"o":{"x":0.333,"y":0},"n":"0p667_1_0p333_0","t":217,"s":[{"i":[[19.111,-1.309],[12.809,-16.59],[12.49,-16.536],[-0.494,-49.424],[-11.822,-5.528],[-20.42,0.963],[-13.142,13.74],[-1.857,44.777],[5.961,4.197],[16.406,-0.024]],"o":[[-4.656,0.319],[-6.903,8.941],[-5.783,7.656],[0.539,53.931],[11.616,5.432],[65.665,-3.098],[15.05,-15.736],[1.594,-38.431],[-11.364,-8.002],[-7.236,0.01]],"v":[[-65.945,-125.876],[-100.011,-88.766],[-147.574,-77.48],[-151.895,-15.755],[-142.969,106.078],[-18.324,112.941],[123.492,105.103],[129.853,-58.726],[58.563,-85.555],[18.193,-126.133]],"c":true}],"e":[{"i":[[0,0],[0,0],[12.553,-12.177],[0.597,-49.422],[-11.822,-5.528],[-14.681,0],[-6.307,8.34],[0,0],[0,0],[10.991,12.181]],"o":[[0,0],[0,0],[-6.887,6.68],[-0.128,10.598],[11.616,5.432],[65.738,0],[4.628,-6.119],[0,0],[0,0],[-7.691,-8.524]],"v":[[-37.941,-82.719],[-68.006,-83.61],[-129.071,-77.323],[-129.783,53.902],[-115.822,68.735],[-101.837,88.196],[18.376,86.119],[20.672,63.931],[21.115,5.102],[15.692,-81.476]],"c":true}]},{"i":{"x":0.667,"y":1},"o":{"x":0.333,"y":0},"n":"0p667_1_0p333_0","t":231,"s":[{"i":[[0,0],[0,0],[12.553,-12.177],[0.597,-49.422],[-11.822,-5.528],[-14.681,0],[-6.307,8.34],[0,0],[0,0],[10.991,12.181]],"o":[[0,0],[0,0],[-6.887,6.68],[-0.128,10.598],[11.616,5.432],[65.738,0],[4.628,-6.119],[0,0],[0,0],[-7.691,-8.524]],"v":[[-37.941,-82.719],[-68.006,-83.61],[-129.071,-77.323],[-129.783,53.902],[-115.822,68.735],[-101.837,88.196],[18.376,86.119],[20.672,63.931],[21.115,5.102],[15.692,-81.476]],"c":true}],"e":[{"i":[[0,0],[0,0],[12.553,-12.177],[0.597,-49.422],[-11.822,-5.528],[-14.681,0],[-6.307,8.34],[0,0],[0,0],[10.991,12.181]],"o":[[0,0],[0,0],[-6.887,6.68],[-0.128,10.598],[11.616,5.432],[65.738,0],[4.628,-6.119],[0,0],[0,0],[-7.691,-8.524]],"v":[[-37.941,-82.719],[-68.006,-83.61],[-129.071,-77.323],[-129.783,53.902],[-115.822,68.735],[-101.837,88.196],[18.376,86.119],[20.672,63.931],[21.115,5.102],[15.692,-81.476]],"c":true}]},{"i":{"x":0.667,"y":1},"o":{"x":0.333,"y":0},"n":"0p667_1_0p333_0","t":265,"s":[{"i":[[0,0],[0,0],[12.553,-12.177],[0.597,-49.422],[-11.822,-5.528],[-14.681,0],[-6.307,8.34],[0,0],[0,0],[10.991,12.181]],"o":[[0,0],[0,0],[-6.887,6.68],[-0.128,10.598],[11.616,5.432],[65.738,0],[4.628,-6.119],[0,0],[0,0],[-7.691,-8.524]],"v":[[-37.941,-82.719],[-68.006,-83.61],[-129.071,-77.323],[-129.783,53.902],[-115.822,68.735],[-101.837,88.196],[18.376,86.119],[20.672,63.931],[21.115,5.102],[15.692,-81.476]],"c":true}],"e":[{"i":[[11.611,2.073],[16,-16],[11.442,-13.097],[51,-54.5],[-21.78,21.322],[-37.25,36],[-25.663,22.96],[16.019,-8.625],[18.974,0],[-3.5,23]],"o":[[-14,-2.5],[-16.508,16.508],[-41.5,47.5],[-19.959,21.329],[47.5,-46.5],[13.261,-12.816],[13.559,-12.131],[-6.5,3.5],[-14,0],[1.774,-11.66]],"v":[[80.5,-118],[25.5,-99],[15,-54],[-113.5,77],[-74.5,114],[52.75,-14],[106.163,-28.46],[114.5,-81],[86.5,-58],[58.5,-90]],"c":true}]},{"t":278}]},"nm":"Path 1","mn":"ADBE Vector Shape - Group"},{"ty":"st","c":{"a":0,"k":[0,0,0,1]},"o":{"a":0,"k":100},"w":{"a":0,"k":6},"lc":2,"lj":2,"nm":"Stroke 1","mn":"ADBE Vector Graphic - Stroke"},{"ty":"fl","c":{"a":1,"k":[{"i":{"x":[0],"y":[0]},"o":{"x":[0],"y":[0]},"n":["0_0_0_0"],"t":58,"s":[1,1,1,1],"e":[1,0.8,0.0392157,1]},{"i":{"x":[0.833],"y":[0.833]},"o":{"x":[0.492],"y":[0.492]},"n":["0p833_0p833_0p492_0p492"],"t":83,"s":[1,0.8,0.0392157,1],"e":[1,1,1,1]},{"t":99}]},"o":{"a":1,"k":[{"i":{"x":[0.833],"y":[0.833]},"o":{"x":[0.167],"y":[0.167]},"n":["0p833_0p833_0p167_0p167"],"t":83,"s":[100],"e":[0]},{"i":{"x":[0.833],"y":[0.833]},"o":{"x":[0.167],"y":[0.167]},"n":["0p833_0p833_0p167_0p167"],"t":99,"s":[0],"e":[0]},{"i":{"x":[0.833],"y":[0.833]},"o":{"x":[0.167],"y":[0.167]},"n":["0p833_0p833_0p167_0p167"],"t":216,"s":[0],"e":[100]},{"t":219}]},"r":1,"nm":"Fill 1","mn":"ADBE Vector Graphic - Fill"},{"ty":"tr","p":{"a":0,"k":[0,0],"ix":2},"a":{"a":0,"k":[0,0],"ix":1},"s":{"a":0,"k":[99.985,100],"ix":3},"r":{"a":0,"k":0,"ix":6},"o":{"a":0,"k":100,"ix":7},"sk":{"a":0,"k":0,"ix":4},"sa":{"a":0,"k":0,"ix":5},"nm":"Transform"}],"nm":"Base","np":3,"cix":2,"ix":2,"mn":"ADBE Vector Group"}],"ip":0,"op":318,"st":-112,"bm":0,"sr":1},{"ddd":0,"ind":5,"ty":4,"nm":"step_6","ks":{"o":{"a":0,"k":100},"r":{"a":0,"k":0},"p":{"a":0,"k":[243,227,0]},"a":{"a":0,"k":[0,0,0]},"s":{"a":0,"k":[100,100,100]}},"ao":0,"shapes":[{"ty":"gr","it":[{"ind":0,"ty":"sh","ix":1,"ks":{"a":1,"k":[{"i":{"x":0.667,"y":1},"o":{"x":0.333,"y":0},"n":"0p667_1_0p333_0","t":235,"s":[{"i":[[0,0],[-5.38,-9.864],[0.5,7.5],[19,13.5]],"o":[[0,0],[6,11],[-11.44,-27.39],[-7.5,-4.5]],"v":[[94.2,-22],[108.5,2],[118.5,21.5],[69.5,-47]],"c":true}],"e":[{"i":[[0,0],[-10.5,-4],[0.5,7.5],[19,13.5]],"o":[[0,0],[10.5,4],[-11.44,-27.39],[-7.5,-4.5]],"v":[[46,-51],[56.5,21.5],[118.5,21.5],[69.5,-47]],"c":true}]},{"t":237}]},"nm":"Path 1","mn":"ADBE Vector Shape - Group"},{"ty":"st","c":{"a":0,"k":[0,0,0,1]},"o":{"a":0,"k":100},"w":{"a":0,"k":6},"lc":1,"lj":1,"ml":4,"nm":"Stroke 1","mn":"ADBE Vector Graphic - Stroke"},{"ty":"fl","c":{"a":0,"k":[1,1,1,1]},"o":{"a":0,"k":100},"r":1,"nm":"Fill 1","mn":"ADBE Vector Graphic - Fill"},{"ty":"tr","p":{"a":0,"k":[0,0],"ix":2},"a":{"a":0,"k":[0,0],"ix":1},"s":{"a":0,"k":[100,100],"ix":3},"r":{"a":0,"k":0,"ix":6},"o":{"a":1,"k":[{"i":{"x":[0.667],"y":[1]},"o":{"x":[0.333],"y":[0]},"n":["0p667_1_0p333_0"],"t":235,"s":[0],"e":[100]},{"i":{"x":[0.667],"y":[0.667]},"o":{"x":[0.167],"y":[0.167]},"n":["0p667_0p667_0p167_0p167"],"t":237,"s":[100],"e":[100]},{"i":{"x":[0.833],"y":[1]},"o":{"x":[0.167],"y":[0]},"n":["0p833_1_0p167_0"],"t":264,"s":[100],"e":[0]},{"t":266}],"ix":7},"sk":{"a":0,"k":0,"ix":4},"sa":{"a":0,"k":0,"ix":5},"nm":"Transform"}],"nm":"Shape 1","np":3,"cix":2,"ix":1,"mn":"ADBE Vector Group"},{"ty":"gr","it":[{"ind":0,"ty":"sh","ix":1,"ks":{"a":1,"k":[{"i":{"x":0.667,"y":1},"o":{"x":0.333,"y":0},"n":"0p667_1_0p333_0","t":236,"s":[{"i":[[0,0],[0,0],[0,0],[-1.27,5.831],[1,10],[-0.5,19]],"o":[[0,0],[0,0],[0,0],[3.653,-16.777],[1.5,-28],[-7.5,-4.5]],"v":[[10.5,-51.5],[1.5,89],[13,88],[13,72.5],[13,26],[14,-47]],"c":true}],"e":[{"i":[[0,0],[0,0],[0,0],[-1.27,5.831],[1,10],[19,13.5]],"o":[[0,0],[0,0],[0,0],[3.653,-16.777],[-11.44,-27.39],[-7.5,-4.5]],"v":[[10.5,-51.5],[1.5,89],[107,88],[121.5,77.5],[120.5,26],[69.5,-47]],"c":true}]},{"i":{"x":0.667,"y":1},"o":{"x":0.167,"y":0},"n":"0p667_1_0p167_0","t":237,"s":[{"i":[[0,0],[0,0],[0,0],[-1.27,5.831],[1,10],[19,13.5]],"o":[[0,0],[0,0],[0,0],[3.653,-16.777],[-11.44,-27.39],[-7.5,-4.5]],"v":[[10.5,-51.5],[1.5,89],[107,88],[121.5,77.5],[120.5,26],[69.5,-47]],"c":true}],"e":[{"i":[[0,0],[0,0],[0,0],[-1.27,5.831],[1,10],[19,13.5]],"o":[[0,0],[0,0],[0,0],[3.653,-16.777],[-11.44,-27.39],[-7.5,-4.5]],"v":[[10.5,-51.5],[1.5,89],[107,88],[121.5,77.5],[120.5,26],[69.5,-47]],"c":true}]},{"i":{"x":0.833,"y":1},"o":{"x":0.167,"y":0},"n":"0p833_1_0p167_0","t":263,"s":[{"i":[[0,0],[0,0],[0,0],[-1.27,5.831],[1,10],[19,13.5]],"o":[[0,0],[0,0],[0,0],[3.653,-16.777],[-11.44,-27.39],[-7.5,-4.5]],"v":[[10.5,-51.5],[1.5,89],[107,88],[121.5,77.5],[120.5,26],[69.5,-47]],"c":true}],"e":[{"i":[[0,0],[0,0],[0,0],[-1.27,5.831],[1,10],[-0.5,19]],"o":[[0,0],[0,0],[0,0],[3.653,-16.777],[1.5,-28],[-7.5,-4.5]],"v":[[10.5,-51.5],[-6.5,15.333],[-28.667,42.667],[-0.333,47.5],[30,46.333],[14,-47]],"c":true}]},{"t":270}]},"nm":"Path 1","mn":"ADBE Vector Shape - Group"},{"ty":"st","c":{"a":0,"k":[0,0,0,1]},"o":{"a":0,"k":100},"w":{"a":0,"k":6},"lc":1,"lj":1,"ml":4,"nm":"Stroke 1","mn":"ADBE Vector Graphic - Stroke"},{"ty":"fl","c":{"a":0,"k":[1,0.8,0.0392157,1]},"o":{"a":0,"k":100},"r":1,"nm":"Fill 1","mn":"ADBE Vector Graphic - Fill"},{"ty":"tr","p":{"a":0,"k":[0,0],"ix":2},"a":{"a":0,"k":[0,0],"ix":1},"s":{"a":0,"k":[100,100],"ix":3},"r":{"a":0,"k":0,"ix":6},"o":{"a":1,"k":[{"i":{"x":[0.833],"y":[0.833]},"o":{"x":[0.167],"y":[0.167]},"n":["0p833_0p833_0p167_0p167"],"t":222,"s":[0],"e":[100]},{"i":{"x":[0.833],"y":[0.833]},"o":{"x":[0.167],"y":[0.167]},"n":["0p833_0p833_0p167_0p167"],"t":232,"s":[100],"e":[100]},{"i":{"x":[0.833],"y":[0.833]},"o":{"x":[0.167],"y":[0.167]},"n":["0p833_0p833_0p167_0p167"],"t":269,"s":[100],"e":[0]},{"t":270}],"ix":7},"sk":{"a":0,"k":0,"ix":4},"sa":{"a":0,"k":0,"ix":5},"nm":"Transform"}],"nm":"Shape 2","np":3,"cix":2,"ix":2,"mn":"ADBE Vector Group"}],"ip":0,"op":318,"st":-112,"bm":0,"sr":1},{"ddd":0,"ind":6,"ty":4,"nm":"step_4","ks":{"o":{"a":0,"k":100},"r":{"a":0,"k":0},"p":{"a":0,"k":[243,225,0]},"a":{"a":0,"k":[0,0,0]},"s":{"a":0,"k":[100,100,100]}},"ao":0,"shapes":[{"ty":"gr","it":[{"ind":0,"ty":"sh","ix":1,"ks":{"a":1,"k":[{"i":{"x":0.667,"y":1},"o":{"x":0.333,"y":0},"n":"0p667_1_0p333_0","t":132,"s":[{"i":[[0,0],[0,0],[0,0],[0,0],[0,0],[0,0]],"o":[[0,0],[0,0],[0,0],[0,0],[0,0],[0,0]],"v":[[-14.267,-10.1],[-16.2,-9.667],[-17.4,-7.533],[-15.267,-5.267],[-12.867,-6.267],[-12.433,-8.533]],"c":true}],"e":[{"i":[[0,0],[0,0],[0,0],[0,0],[0,0],[0,0]],"o":[[0,0],[0,0],[0,0],[0,0],[0,0],[0,0]],"v":[[32.5,-48],[-60,-46],[-75.5,2.5],[-40,47.5],[7,47.5],[43.5,3]],"c":true}]},{"i":{"x":0.667,"y":1},"o":{"x":0.333,"y":0},"n":"0p667_1_0p333_0","t":143,"s":[{"i":[[0,0],[0,0],[0,0],[0,0],[0,0],[0,0]],"o":[[0,0],[0,0],[0,0],[0,0],[0,0],[0,0]],"v":[[32.5,-48],[-60,-46],[-75.5,2.5],[-40,47.5],[7,47.5],[43.5,3]],"c":true}],"e":[{"i":[[0,0],[0,0],[0,0],[0,0],[0,0],[0,0]],"o":[[0,0],[0,0],[0,0],[0,0],[0,0],[0,0]],"v":[[25.5,-38.5],[-60.5,-38.5],[-69.5,-1],[-33.5,44.5],[-1.5,44.5],[36,-1.5]],"c":true}]},{"i":{"x":0.667,"y":1},"o":{"x":0.167,"y":0},"n":"0p667_1_0p167_0","t":146,"s":[{"i":[[0,0],[0,0],[0,0],[0,0],[0,0],[0,0]],"o":[[0,0],[0,0],[0,0],[0,0],[0,0],[0,0]],"v":[[25.5,-38.5],[-60.5,-38.5],[-69.5,-1],[-33.5,44.5],[-1.5,44.5],[36,-1.5]],"c":true}],"e":[{"i":[[0,0],[0,0],[0,0],[0,0],[0,0],[0,0]],"o":[[0,0],[0,0],[0,0],[0,0],[0,0],[0,0]],"v":[[25.5,-38.5],[-60.5,-38.5],[-69.5,-1],[-33.5,44.5],[-1.5,44.5],[36,-1.5]],"c":true}]},{"i":{"x":0.833,"y":1},"o":{"x":0.167,"y":0},"n":"0p833_1_0p167_0","t":166,"s":[{"i":[[0,0],[0,0],[0,0],[0,0],[0,0],[0,0]],"o":[[0,0],[0,0],[0,0],[0,0],[0,0],[0,0]],"v":[[25.5,-38.5],[-60.5,-38.5],[-69.5,-1],[-33.5,44.5],[-1.5,44.5],[36,-1.5]],"c":true}],"e":[{"i":[[0,0],[0,0],[0,0],[0,0],[0,0],[0,0]],"o":[[0,0],[0,0],[0,0],[0,0],[0,0],[0,0]],"v":[[1,-27.5],[-11,-27.5],[-20,-27.5],[-20.5,-1.5],[-9,-1.5],[1.5,-1]],"c":true}]},{"t":173}]},"nm":"Path 1","mn":"ADBE Vector Shape - Group"},{"ty":"st","c":{"a":0,"k":[0,0,0,1]},"o":{"a":0,"k":100},"w":{"a":0,"k":7},"lc":1,"lj":1,"ml":4,"nm":"Stroke 1","mn":"ADBE Vector Graphic - Stroke"},{"ty":"fl","c":{"a":0,"k":[1,0.8,0.0392157,1]},"o":{"a":0,"k":100},"r":1,"nm":"Fill 1","mn":"ADBE Vector Graphic - Fill"},{"ty":"tr","p":{"a":0,"k":[0,0],"ix":2},"a":{"a":0,"k":[0,0],"ix":1},"s":{"a":0,"k":[100,100],"ix":3},"r":{"a":0,"k":0,"ix":6},"o":{"a":1,"k":[{"i":{"x":[0.639],"y":[0.996]},"o":{"x":[0.305],"y":[0]},"n":["0p639_0p996_0p305_0"],"t":133,"s":[0],"e":[100]},{"i":{"x":[0.674],"y":[0.674]},"o":{"x":[0.193],"y":[0.193]},"n":["0p674_0p674_0p193_0p193"],"t":134,"s":[100],"e":[100]},{"i":{"x":[0.667],"y":[1]},"o":{"x":[0.333],"y":[0]},"n":["0p667_1_0p333_0"],"t":171,"s":[100],"e":[0]},{"t":178}],"ix":7},"sk":{"a":0,"k":0,"ix":4},"sa":{"a":0,"k":0,"ix":5},"nm":"Transform"}],"nm":"Shape 1","np":3,"cix":2,"ix":1,"mn":"ADBE Vector Group"},{"ty":"gr","it":[{"ty":"rc","d":1,"s":{"a":0,"k":[30.107,50.559]},"p":{"a":0,"k":[0,0]},"r":{"a":0,"k":0},"nm":"Rectangle Path 1","mn":"ADBE Vector Shape - Rect"},{"ty":"st","c":{"a":0,"k":[0,0,0,1]},"o":{"a":0,"k":100},"w":{"a":0,"k":7},"lc":1,"lj":1,"ml":4,"nm":"Stroke 1","mn":"ADBE Vector Graphic - Stroke"},{"ty":"fl","c":{"a":0,"k":[1,0.8,0.0392157,1]},"o":{"a":0,"k":100},"r":1,"nm":"Fill 1","mn":"ADBE Vector Graphic - Fill"},{"ty":"tr","p":{"a":1,"k":[{"i":{"x":0.667,"y":1},"o":{"x":0.333,"y":0},"n":"0p667_1_0p333_0","t":145,"s":[-17.946,22.303],"e":[-17.946,66.279],"to":[0,7.32942724227905],"ti":[0,-7.32942724227905]},{"i":{"x":0.667,"y":0.667},"o":{"x":0.167,"y":0.167},"n":"0p667_0p667_0p167_0p167","t":150,"s":[-17.946,66.279],"e":[-17.946,66.279],"to":[0,0],"ti":[0,0]},{"i":{"x":0.667,"y":1},"o":{"x":0.167,"y":0},"n":"0p667_1_0p167_0","t":166,"s":[-17.946,66.279],"e":[-17.946,7.031],"to":[0,-9.87467479705811],"ti":[0,9.87467479705811]},{"t":168}],"ix":2},"a":{"a":0,"k":[0,0],"ix":1},"s":{"a":1,"k":[{"i":{"x":[0.833,0.833],"y":[0.833,0.833]},"o":{"x":[0.167,0.167],"y":[0.167,0.167]},"n":["0p833_0p833_0p167_0p167","0p833_0p833_0p167_0p167"],"t":150,"s":[100,83.259],"e":[100,83.259]},{"t":166}],"ix":3},"r":{"a":0,"k":0,"ix":6},"o":{"a":1,"k":[{"i":{"x":[0.833],"y":[0.833]},"o":{"x":[0.167],"y":[0.167]},"n":["0p833_0p833_0p167_0p167"],"t":139,"s":[0],"e":[100]},{"i":{"x":[0.833],"y":[0.833]},"o":{"x":[0.167],"y":[0.167]},"n":["0p833_0p833_0p167_0p167"],"t":140,"s":[100],"e":[100]},{"i":{"x":[0.833],"y":[0.833]},"o":{"x":[0.167],"y":[0.167]},"n":["0p833_0p833_0p167_0p167"],"t":168,"s":[100],"e":[0]},{"t":169}],"ix":7},"sk":{"a":0,"k":0,"ix":4},"sa":{"a":0,"k":0,"ix":5},"nm":"Transform"}],"nm":"Rectangle 2","np":3,"cix":2,"ix":2,"mn":"ADBE Vector Group"},{"ty":"gr","it":[{"ty":"rc","d":1,"s":{"a":0,"k":[202.445,24.252]},"p":{"a":0,"k":[0,0]},"r":{"a":0,"k":0},"nm":"Rectangle Path 1","mn":"ADBE Vector Shape - Rect"},{"ty":"st","c":{"a":0,"k":[0,0,0,1]},"o":{"a":0,"k":100},"w":{"a":0,"k":7},"lc":1,"lj":1,"ml":4,"nm":"Stroke 1","mn":"ADBE Vector Graphic - Stroke"},{"ty":"tr","p":{"a":0,"k":[-14.277,-13.874],"ix":2},"a":{"a":0,"k":[0,0],"ix":1},"s":{"a":1,"k":[{"i":{"x":[0.667,0.667],"y":[1,0.667]},"o":{"x":[0.333,0.333],"y":[0,0.333]},"n":["0p667_1_0p333_0","0p667_0p667_0p333_0p333"],"t":147,"s":[35.489,100],"e":[94.687,100]},{"i":{"x":[0.667,0.667],"y":[0.667,0.667]},"o":{"x":[0.333,0.333],"y":[0.333,0.333]},"n":["0p667_0p667_0p333_0p333","0p667_0p667_0p333_0p333"],"t":150,"s":[94.687,100],"e":[94.687,100]},{"i":{"x":[0.833,0.833],"y":[1,0.833]},"o":{"x":[0.333,0.333],"y":[0,0.333]},"n":["0p833_1_0p333_0","0p833_0p833_0p333_0p333"],"t":166,"s":[94.687,100],"e":[-0.004,100]},{"t":170}],"ix":3},"r":{"a":0,"k":0.128,"ix":6},"o":{"a":1,"k":[{"i":{"x":[0.833],"y":[0.833]},"o":{"x":[0.167],"y":[0.167]},"n":["0p833_0p833_0p167_0p167"],"t":146,"s":[0],"e":[100]},{"i":{"x":[0.833],"y":[0.833]},"o":{"x":[0.167],"y":[0.167]},"n":["0p833_0p833_0p167_0p167"],"t":147,"s":[100],"e":[100]},{"i":{"x":[0.833],"y":[0.833]},"o":{"x":[0.167],"y":[0.167]},"n":["0p833_0p833_0p167_0p167"],"t":169,"s":[100],"e":[0]},{"t":170}],"ix":7},"sk":{"a":0,"k":0,"ix":4},"sa":{"a":0,"k":0,"ix":5},"nm":"Transform"}],"nm":"Rectangle 1","np":3,"cix":2,"ix":3,"mn":"ADBE Vector Group"}],"ip":0,"op":318,"st":-112,"bm":0,"sr":1},{"ddd":0,"ind":7,"ty":4,"nm":"step_3_stars","ks":{"o":{"a":1,"k":[{"i":{"x":[0.833],"y":[0.833]},"o":{"x":[0.167],"y":[0.167]},"n":["0p833_0p833_0p167_0p167"],"t":127,"s":[100],"e":[0]},{"t":130}]},"r":{"a":1,"k":[{"i":{"x":[0.667],"y":[1]},"o":{"x":[0.333],"y":[0]},"n":["0p667_1_0p333_0"],"t":96,"s":[-84],"e":[0]},{"i":{"x":[0.667],"y":[0.667]},"o":{"x":[0.333],"y":[0.333]},"n":["0p667_0p667_0p333_0p333"],"t":101,"s":[0],"e":[0]},{"i":{"x":[0.667],"y":[1]},"o":{"x":[0.333],"y":[0]},"n":["0p667_1_0p333_0"],"t":127,"s":[0],"e":[-84]},{"t":132}]},"p":{"a":0,"k":[290.5,292,0]},"a":{"a":0,"k":[49.5,67,0]},"s":{"a":1,"k":[{"i":{"x":[0.667,0.667,0.667],"y":[1,1,0.667]},"o":{"x":[0.333,0.333,0.333],"y":[0,0,0.333]},"n":["0p667_1_0p333_0","0p667_1_0p333_0","0p667_0p667_0p333_0p333"],"t":96,"s":[40,40,100],"e":[100,100,100]},{"i":{"x":[0.667,0.667,0.667],"y":[0.667,0.667,0.667]},"o":{"x":[0.333,0.333,0.333],"y":[0.333,0.333,0.333]},"n":["0p667_0p667_0p333_0p333","0p667_0p667_0p333_0p333","0p667_0p667_0p333_0p333"],"t":101,"s":[100,100,100],"e":[100,100,100]},{"i":{"x":[0.667,0.667,0.667],"y":[1,1,0.667]},"o":{"x":[0.333,0.333,0.333],"y":[0,0,0.333]},"n":["0p667_1_0p333_0","0p667_1_0p333_0","0p667_0p667_0p333_0p333"],"t":127,"s":[100,100,100],"e":[40,40,100]},{"t":132}]}},"ao":0,"shapes":[{"ty":"gr","it":[{"ind":0,"ty":"sh","ix":1,"ks":{"a":0,"k":{"i":[[0,0],[0,0]],"o":[[0,0],[0,0]],"v":[[75.5,52],[22.5,83.5]],"c":false}},"nm":"Path 1","mn":"ADBE Vector Shape - Group"},{"ty":"tm","s":{"a":1,"k":[{"i":{"x":[0.667],"y":[1]},"o":{"x":[0.333],"y":[0]},"n":["0p667_1_0p333_0"],"t":95,"s":[50],"e":[0]},{"t":99}],"ix":1},"e":{"a":1,"k":[{"i":{"x":[0.667],"y":[1]},"o":{"x":[0.333],"y":[0]},"n":["0p667_1_0p333_0"],"t":95,"s":[50],"e":[100]},{"t":99}],"ix":2},"o":{"a":0,"k":0,"ix":3},"m":1,"ix":2,"nm":"Trim Paths 1","mn":"ADBE Vector Filter - Trim"},{"ty":"st","c":{"a":0,"k":[0,0,0,1]},"o":{"a":0,"k":100},"w":{"a":0,"k":7},"lc":2,"lj":1,"ml":4,"nm":"Stroke 1","mn":"ADBE Vector Graphic - Stroke"},{"ty":"tr","p":{"a":0,"k":[49.373,68.23],"ix":2},"a":{"a":0,"k":[49.373,68.23],"ix":1},"s":{"a":0,"k":[85.925,85.925],"ix":3},"r":{"a":0,"k":120.997,"ix":6},"o":{"a":0,"k":100,"ix":7},"sk":{"a":0,"k":0,"ix":4},"sa":{"a":0,"k":0,"ix":5},"nm":"Transform"}],"nm":"Shape 8","np":4,"cix":2,"ix":1,"mn":"ADBE Vector Group"},{"ty":"gr","it":[{"ind":0,"ty":"sh","ix":1,"ks":{"a":0,"k":{"i":[[0,0],[0,0]],"o":[[0,0],[0,0]],"v":[[75.5,52],[22.5,83.5]],"c":false}},"nm":"Path 1","mn":"ADBE Vector Shape - Group"},{"ty":"tm","s":{"a":1,"k":[{"i":{"x":[0.667],"y":[1]},"o":{"x":[0.333],"y":[0]},"n":["0p667_1_0p333_0"],"t":95,"s":[50],"e":[0]},{"t":99}],"ix":1},"e":{"a":1,"k":[{"i":{"x":[0.667],"y":[1]},"o":{"x":[0.333],"y":[0]},"n":["0p667_1_0p333_0"],"t":95,"s":[50],"e":[100]},{"t":99}],"ix":2},"o":{"a":0,"k":0,"ix":3},"m":1,"ix":2,"nm":"Trim Paths 1","mn":"ADBE Vector Filter - Trim"},{"ty":"st","c":{"a":0,"k":[0,0,0,1]},"o":{"a":0,"k":100},"w":{"a":0,"k":7},"lc":2,"lj":1,"ml":4,"nm":"Stroke 1","mn":"ADBE Vector Graphic - Stroke"},{"ty":"tr","p":{"a":0,"k":[49.373,68.23],"ix":2},"a":{"a":0,"k":[49.373,68.23],"ix":1},"s":{"a":0,"k":[100,100],"ix":3},"r":{"a":0,"k":57.874,"ix":6},"o":{"a":0,"k":100,"ix":7},"sk":{"a":0,"k":0,"ix":4},"sa":{"a":0,"k":0,"ix":5},"nm":"Transform"}],"nm":"Shape 7","np":4,"cix":2,"ix":2,"mn":"ADBE Vector Group"},{"ty":"gr","it":[{"ind":0,"ty":"sh","ix":1,"ks":{"a":0,"k":{"i":[[0,0],[0,0]],"o":[[0,0],[0,0]],"v":[[75.5,52],[22.5,83.5]],"c":false}},"nm":"Path 1","mn":"ADBE Vector Shape - Group"},{"ty":"tm","s":{"a":1,"k":[{"i":{"x":[0.667],"y":[1]},"o":{"x":[0.333],"y":[0]},"n":["0p667_1_0p333_0"],"t":95,"s":[50],"e":[0]},{"t":99}],"ix":1},"e":{"a":1,"k":[{"i":{"x":[0.667],"y":[1]},"o":{"x":[0.333],"y":[0]},"n":["0p667_1_0p333_0"],"t":95,"s":[50],"e":[100]},{"t":99}],"ix":2},"o":{"a":0,"k":0,"ix":3},"m":1,"ix":2,"nm":"Trim Paths 1","mn":"ADBE Vector Filter - Trim"},{"ty":"st","c":{"a":0,"k":[0,0,0,1]},"o":{"a":0,"k":100},"w":{"a":0,"k":7},"lc":2,"lj":1,"ml":4,"nm":"Stroke 1","mn":"ADBE Vector Graphic - Stroke"},{"ty":"tr","p":{"a":0,"k":[1.25,1.25],"ix":2},"a":{"a":0,"k":[0,0],"ix":1},"s":{"a":0,"k":[96.833,96.833],"ix":3},"r":{"a":0,"k":0,"ix":6},"o":{"a":0,"k":100,"ix":7},"sk":{"a":0,"k":0,"ix":4},"sa":{"a":0,"k":0,"ix":5},"nm":"Transform"}],"nm":"Shape 6","np":4,"cix":2,"ix":3,"mn":"ADBE Vector Group"}],"ip":0,"op":318,"st":-112,"bm":0,"sr":1},{"ddd":0,"ind":8,"ty":4,"nm":"step_3","ks":{"o":{"a":0,"k":100},"r":{"a":0,"k":0},"p":{"a":0,"k":[241,225,0]},"a":{"a":0,"k":[0,0,0]},"s":{"a":0,"k":[100,100,100]}},"ao":0,"shapes":[{"ty":"gr","it":[{"ind":0,"ty":"sh","ix":1,"ks":{"a":0,"k":{"i":[[-203,0],[0,0]],"o":[[81.5,0],[0,0]],"v":[[-115.5,-48.5],[86.5,-49.5]],"c":false}},"nm":"Path 1","mn":"ADBE Vector Shape - Group"},{"ind":1,"ty":"sh","ix":2,"ks":{"a":0,"k":{"i":[[-203,0],[0,0]],"o":[[81.5,0],[0,0]],"v":[[-115.5,-23.5],[86.5,-24.5]],"c":false}},"nm":"Path 2","mn":"ADBE Vector Shape - Group"},{"ty":"tm","s":{"a":1,"k":[{"i":{"x":[0.833],"y":[0.833]},"o":{"x":[0.167],"y":[0.167]},"n":["0p833_0p833_0p167_0p167"],"t":96,"s":[50],"e":[0]},{"i":{"x":[0.833],"y":[0.833]},"o":{"x":[0.167],"y":[0.167]},"n":["0p833_0p833_0p167_0p167"],"t":98,"s":[0],"e":[0]},{"i":{"x":[0.833],"y":[0.833]},"o":{"x":[0.167],"y":[0.167]},"n":["0p833_0p833_0p167_0p167"],"t":129,"s":[0],"e":[50]},{"t":132}],"ix":1},"e":{"a":1,"k":[{"i":{"x":[0.833],"y":[0.833]},"o":{"x":[0.167],"y":[0.167]},"n":["0p833_0p833_0p167_0p167"],"t":96,"s":[50],"e":[100]},{"i":{"x":[0.833],"y":[0.833]},"o":{"x":[0.167],"y":[0.167]},"n":["0p833_0p833_0p167_0p167"],"t":98,"s":[100],"e":[100]},{"i":{"x":[0.833],"y":[0.833]},"o":{"x":[0.167],"y":[0.167]},"n":["0p833_0p833_0p167_0p167"],"t":129,"s":[100],"e":[50]},{"t":132}],"ix":2},"o":{"a":0,"k":0,"ix":3},"m":1,"ix":3,"nm":"Trim Paths 1","mn":"ADBE Vector Filter - Trim"},{"ty":"st","c":{"a":0,"k":[0,0,0,1]},"o":{"a":0,"k":100},"w":{"a":0,"k":7},"lc":2,"lj":1,"ml":4,"nm":"Stroke 1","mn":"ADBE Vector Graphic - Stroke"},{"ty":"tr","p":{"a":0,"k":[0,0],"ix":2},"a":{"a":0,"k":[0,0],"ix":1},"s":{"a":0,"k":[100,100],"ix":3},"r":{"a":0,"k":0,"ix":6},"o":{"a":0,"k":100,"ix":7},"sk":{"a":0,"k":0,"ix":4},"sa":{"a":0,"k":0,"ix":5},"nm":"Transform"}],"nm":"Shape 1","np":5,"cix":2,"ix":1,"mn":"ADBE Vector Group"},{"ty":"gr","it":[{"ind":0,"ty":"sh","ix":1,"ks":{"a":0,"k":{"i":[[0,0],[0.827,-7.032],[1.063,-9.143],[0,0]],"o":[[0,0],[-1.075,9.141],[-0.835,7.182],[0,0]],"v":[[-98,29],[-88.5,48],[-103,71.5],[-93.5,91]],"c":false}},"nm":"Path 1","mn":"ADBE Vector Shape - Group"},{"ty":"tm","s":{"a":1,"k":[{"i":{"x":[0.667],"y":[1]},"o":{"x":[0.333],"y":[0]},"n":["0p667_1_0p333_0"],"t":96,"s":[51],"e":[0]},{"i":{"x":[0.667],"y":[0.667]},"o":{"x":[0.167],"y":[0.167]},"n":["0p667_0p667_0p167_0p167"],"t":99,"s":[0],"e":[0]},{"i":{"x":[0.833],"y":[1]},"o":{"x":[0.167],"y":[0]},"n":["0p833_1_0p167_0"],"t":132,"s":[0],"e":[51]},{"t":134}],"ix":1},"e":{"a":1,"k":[{"i":{"x":[0.667],"y":[1.784]},"o":{"x":[0.333],"y":[0]},"n":["0p667_1p784_0p333_0"],"t":96,"s":[51],"e":[13.2]},{"i":{"x":[0.667],"y":[1]},"o":{"x":[0.333],"y":[0.171]},"n":["0p667_1_0p333_0p171"],"t":98,"s":[13.2],"e":[100]},{"i":{"x":[0.667],"y":[0.667]},"o":{"x":[0.167],"y":[0.167]},"n":["0p667_0p667_0p167_0p167"],"t":99,"s":[100],"e":[100]},{"i":{"x":[0.833],"y":[1]},"o":{"x":[0.167],"y":[0]},"n":["0p833_1_0p167_0"],"t":132,"s":[100],"e":[51]},{"t":134}],"ix":2},"o":{"a":0,"k":0,"ix":3},"m":1,"ix":2,"nm":"Trim Paths 1","mn":"ADBE Vector Filter - Trim"},{"ty":"st","c":{"a":0,"k":[0,0,0,1]},"o":{"a":0,"k":100},"w":{"a":0,"k":7},"lc":1,"lj":2,"nm":"Stroke 1","mn":"ADBE Vector Graphic - Stroke"},{"ty":"tr","p":{"a":0,"k":[38.672,-3.172],"ix":2},"a":{"a":0,"k":[0,0],"ix":1},"s":{"a":0,"k":[100,125.168],"ix":3},"r":{"a":0,"k":0,"ix":6},"o":{"a":0,"k":100,"ix":7},"sk":{"a":0,"k":0,"ix":4},"sa":{"a":0,"k":0,"ix":5},"nm":"Transform"}],"nm":"Shape 4","np":4,"cix":2,"ix":2,"mn":"ADBE Vector Group"},{"ty":"gr","it":[{"ind":0,"ty":"sh","ix":1,"ks":{"a":0,"k":{"i":[[0,0],[0.827,-7.032],[1.063,-9.143],[0,0]],"o":[[0,0],[-1.075,9.141],[-0.835,7.182],[0,0]],"v":[[-98,29],[-88.5,48],[-103,71.5],[-93.5,91]],"c":false}},"nm":"Path 1","mn":"ADBE Vector Shape - Group"},{"ty":"tm","s":{"a":1,"k":[{"i":{"x":[0.667],"y":[1]},"o":{"x":[0.333],"y":[0]},"n":["0p667_1_0p333_0"],"t":90,"s":[51],"e":[0]},{"i":{"x":[0.667],"y":[0.667]},"o":{"x":[0.167],"y":[0.167]},"n":["0p667_0p667_0p167_0p167"],"t":93,"s":[0],"e":[0]},{"i":{"x":[0.833],"y":[1]},"o":{"x":[0.167],"y":[0]},"n":["0p833_1_0p167_0"],"t":133,"s":[0],"e":[51]},{"t":135}],"ix":1},"e":{"a":1,"k":[{"i":{"x":[0.667],"y":[1]},"o":{"x":[0.333],"y":[0]},"n":["0p667_1_0p333_0"],"t":90,"s":[51],"e":[100]},{"i":{"x":[0.667],"y":[0.667]},"o":{"x":[0.167],"y":[0.167]},"n":["0p667_0p667_0p167_0p167"],"t":93,"s":[100],"e":[100]},{"i":{"x":[0.833],"y":[1]},"o":{"x":[0.167],"y":[0]},"n":["0p833_1_0p167_0"],"t":133,"s":[100],"e":[51]},{"t":135}],"ix":2},"o":{"a":0,"k":0,"ix":3},"m":1,"ix":2,"nm":"Trim Paths 1","mn":"ADBE Vector Filter - Trim"},{"ty":"st","c":{"a":0,"k":[0,0,0,1]},"o":{"a":0,"k":100},"w":{"a":0,"k":7},"lc":1,"lj":2,"nm":"Stroke 1","mn":"ADBE Vector Graphic - Stroke"},{"ty":"tr","p":{"a":0,"k":[73.172,-5.172],"ix":2},"a":{"a":0,"k":[0,0],"ix":1},"s":{"a":0,"k":[100,109.243],"ix":3},"r":{"a":0,"k":0,"ix":6},"o":{"a":0,"k":100,"ix":7},"sk":{"a":0,"k":0,"ix":4},"sa":{"a":0,"k":0,"ix":5},"nm":"Transform"}],"nm":"Shape 3","np":4,"cix":2,"ix":3,"mn":"ADBE Vector Group"},{"ty":"gr","it":[{"ind":0,"ty":"sh","ix":1,"ks":{"a":0,"k":{"i":[[0,0],[0.827,-7.032],[1.063,-9.143],[0,0]],"o":[[0,0],[-1.075,9.141],[-0.835,7.182],[0,0]],"v":[[-98,29],[-88.5,48],[-103,71.5],[-93.5,91]],"c":false}},"nm":"Path 1","mn":"ADBE Vector Shape - Group"},{"ty":"tm","s":{"a":1,"k":[{"i":{"x":[0.667],"y":[1]},"o":{"x":[0.333],"y":[0]},"n":["0p667_1_0p333_0"],"t":86,"s":[51],"e":[0]},{"i":{"x":[0.667],"y":[0.667]},"o":{"x":[0.167],"y":[0.167]},"n":["0p667_0p667_0p167_0p167"],"t":89,"s":[0],"e":[0]},{"i":{"x":[0.833],"y":[1]},"o":{"x":[0.167],"y":[0]},"n":["0p833_1_0p167_0"],"t":128,"s":[0],"e":[51]},{"t":133}],"ix":1},"e":{"a":1,"k":[{"i":{"x":[0.667],"y":[1]},"o":{"x":[0.333],"y":[0]},"n":["0p667_1_0p333_0"],"t":86,"s":[51],"e":[17]},{"i":{"x":[0.667],"y":[1]},"o":{"x":[0.333],"y":[0]},"n":["0p667_1_0p333_0"],"t":88,"s":[17],"e":[100]},{"i":{"x":[0.667],"y":[0.667]},"o":{"x":[0.167],"y":[0.167]},"n":["0p667_0p667_0p167_0p167"],"t":89,"s":[100],"e":[100]},{"i":{"x":[0.833],"y":[1]},"o":{"x":[0.167],"y":[0]},"n":["0p833_1_0p167_0"],"t":128,"s":[100],"e":[51]},{"t":133}],"ix":2},"o":{"a":1,"k":[{"i":{"x":[0.833],"y":[0.833]},"o":{"x":[0.167],"y":[0.167]},"n":["0p833_0p833_0p167_0p167"],"t":88,"s":[0],"e":[0]},{"i":{"x":[0.833],"y":[0.833]},"o":{"x":[0.167],"y":[0.167]},"n":["0p833_0p833_0p167_0p167"],"t":128,"s":[0],"e":[-143]},{"t":130}],"ix":3},"m":1,"ix":2,"nm":"Trim Paths 1","mn":"ADBE Vector Filter - Trim"},{"ty":"st","c":{"a":0,"k":[0,0,0,1]},"o":{"a":0,"k":100},"w":{"a":0,"k":7},"lc":1,"lj":2,"nm":"Stroke 1","mn":"ADBE Vector Graphic - Stroke"},{"ty":"tr","p":{"a":0,"k":[0,0],"ix":2},"a":{"a":0,"k":[0,0],"ix":1},"s":{"a":0,"k":[100,100],"ix":3},"r":{"a":0,"k":0,"ix":6},"o":{"a":0,"k":100,"ix":7},"sk":{"a":0,"k":0,"ix":4},"sa":{"a":0,"k":0,"ix":5},"nm":"Transform"}],"nm":"Shape 2","np":4,"cix":2,"ix":4,"mn":"ADBE Vector Group"},{"ty":"gr","it":[{"ind":0,"ty":"sh","ix":1,"ks":{"a":1,"k":[{"i":{"x":0.667,"y":1},"o":{"x":0.167,"y":0},"n":"0p667_1_0p167_0","t":95,"s":[{"i":[[0,0],[0,0],[0,0],[0,0],[0,0],[0,0]],"o":[[0,0],[0,0],[0,0],[0,0],[0,0],[0,0]],"v":[[-130,-7],[-135,-18],[-133,7.5],[-127,22.5],[-129,13],[-128.5,4.5]],"c":true}],"e":[{"i":[[0,0],[0,0],[0,0],[0,0],[0,0],[0,0]],"o":[[0,0],[0,0],[0,0],[0,0],[0,0],[0,0]],"v":[[90.5,-6],[-135,-18],[-133,7.5],[-127,22.5],[-14.5,24],[85.5,13]],"c":true}]},{"i":{"x":0.667,"y":1},"o":{"x":0.333,"y":0},"n":"0p667_1_0p333_0","t":96,"s":[{"i":[[0,0],[0,0],[0,0],[0,0],[0,0],[0,0]],"o":[[0,0],[0,0],[0,0],[0,0],[0,0],[0,0]],"v":[[90.5,-6],[-135,-18],[-133,7.5],[-127,22.5],[-14.5,24],[85.5,13]],"c":true}],"e":[{"i":[[0,0],[20.87,-3.418],[0,0],[0,0],[0,0],[0,0]],"o":[[0,0],[-40.3,6.6],[0,0],[0,0],[0,0],[0,0]],"v":[[95.4,-16.9],[8.8,-11.1],[-137.7,-11.6],[-130.9,15.2],[10.9,16.4],[95.2,6.9]],"c":true}]},{"i":{"x":0.667,"y":1},"o":{"x":0.333,"y":0},"n":"0p667_1_0p333_0","t":97,"s":[{"i":[[0,0],[20.87,-3.418],[0,0],[0,0],[0,0],[0,0]],"o":[[0,0],[-40.3,6.6],[0,0],[0,0],[0,0],[0,0]],"v":[[95.4,-16.9],[8.8,-11.1],[-137.7,-11.6],[-130.9,15.2],[10.9,16.4],[95.2,6.9]],"c":true}],"e":[{"i":[[0,0],[73.9,1.7],[0,0],[0,0],[0,0],[0,0]],"o":[[0,0],[-43.406,-0.598],[0,0],[0,0],[0,0],[0,0]],"v":[[105.8,-29.3],[-12.9,-8.7],[-140.9,-32.7],[-135.3,6.4],[82.3,7.8],[99.9,1.425]],"c":true}]},{"i":{"x":0.667,"y":1},"o":{"x":0.333,"y":0},"n":"0p667_1_0p333_0","t":98,"s":[{"i":[[0,0],[73.9,1.7],[0,0],[0,0],[0,0],[0,0]],"o":[[0,0],[-43.406,-0.598],[0,0],[0,0],[0,0],[0,0]],"v":[[105.8,-29.3],[-12.9,-8.7],[-140.9,-32.7],[-135.3,6.4],[82.3,7.8],[99.9,1.425]],"c":true}],"e":[{"i":[[0,0],[49.267,1.133],[0,0],[0,0],[0,0],[0,0]],"o":[[0,0],[-28.937,-0.399],[0,0],[0,0],[0,0],[0,0]],"v":[[108.867,-39.7],[-17.1,-16.3],[-141.1,-25.3],[-137.2,-2.233],[89.867,4.7],[114.6,-10.05]],"c":true}]},{"i":{"x":0.667,"y":1},"o":{"x":0.333,"y":0},"n":"0p667_1_0p333_0","t":99,"s":[{"i":[[0,0],[49.267,1.133],[0,0],[0,0],[0,0],[0,0]],"o":[[0,0],[-28.937,-0.399],[0,0],[0,0],[0,0],[0,0]],"v":[[108.867,-39.7],[-17.1,-16.3],[-141.1,-25.3],[-137.2,-2.233],[89.867,4.7],[114.6,-10.05]],"c":true}],"e":[{"i":[[0,0],[0,0],[0,0],[0,0],[0,0],[0,0]],"o":[[0,0],[0,0],[0,0],[0,0],[0,0],[0,0]],"v":[[115,-60.5],[13,-57.5],[-142.5,-61],[-137.5,-2.5],[105,-1.5],[114,-15]],"c":true}]},{"i":{"x":0.667,"y":1},"o":{"x":0.333,"y":0},"n":"0p667_1_0p333_0","t":101,"s":[{"i":[[0,0],[0,0],[0,0],[0,0],[0,0],[0,0]],"o":[[0,0],[0,0],[0,0],[0,0],[0,0],[0,0]],"v":[[115,-60.5],[13,-57.5],[-142.5,-61],[-137.5,-2.5],[105,-1.5],[114,-15]],"c":true}],"e":[{"i":[[0,0],[0,0],[0,0],[0,0],[0,0],[0,0]],"o":[[0,0],[0,0],[0,0],[0,0],[0,0],[0,0]],"v":[[115,-60.5],[13,-57.5],[-142.5,-61],[-137.5,-2.5],[105,-1.5],[114,-15]],"c":true}]},{"i":{"x":0.833,"y":1},"o":{"x":0.333,"y":0},"n":"0p833_1_0p333_0","t":128,"s":[{"i":[[0,0],[0,0],[0,0],[0,0],[0,0],[0,0]],"o":[[0,0],[0,0],[0,0],[0,0],[0,0],[0,0]],"v":[[115,-60.5],[13,-57.5],[-142.5,-61],[-137.5,-2.5],[105,-1.5],[114,-15]],"c":true}],"e":[{"i":[[0,0],[0,0],[0,0],[0,0],[0,0],[0,0]],"o":[[0,0],[0,0],[0,0],[0,0],[0,0],[0,0]],"v":[[84.5,-23],[-10,-23.5],[-107.5,-23.5],[-108.5,-3],[84,-3],[86.5,-13.5]],"c":true}]},{"i":{"x":0.833,"y":1},"o":{"x":0.167,"y":0},"n":"0p833_1_0p167_0","t":134,"s":[{"i":[[0,0],[0,0],[0,0],[0,0],[0,0],[0,0]],"o":[[0,0],[0,0],[0,0],[0,0],[0,0],[0,0]],"v":[[84.5,-23],[-10,-23.5],[-107.5,-23.5],[-108.5,-3],[84,-3],[86.5,-13.5]],"c":true}],"e":[{"i":[[0,0],[0,0],[0,0],[0,0],[0,0],[0,0]],"o":[[0,0],[0,0],[0,0],[0,0],[0,0],[0,0]],"v":[[84.5,-23],[-10,-23.5],[-107.5,-23.5],[-108.5,-3],[84,-3],[86.5,-13.5]],"c":true}]},{"i":{"x":0.833,"y":1},"o":{"x":0.167,"y":0},"n":"0p833_1_0p167_0","t":170,"s":[{"i":[[0,0],[0,0],[0,0],[0,0],[0,0],[0,0]],"o":[[0,0],[0,0],[0,0],[0,0],[0,0],[0,0]],"v":[[84.5,-23],[-10,-23.5],[-107.5,-23.5],[-108.5,-3],[84,-3],[86.5,-13.5]],"c":true}],"e":[{"i":[[0,0],[0,0],[0,0],[0,0],[0,0],[0,0]],"o":[[0,0],[0,0],[0,0],[0,0],[0,0],[0,0]],"v":[[3.833,-23],[-10,-23.5],[-15.167,-23.667],[-14.167,-3],[3.333,-3],[4.167,-13.667]],"c":true}]},{"t":175}]},"nm":"Path 1","mn":"ADBE Vector Shape - Group"},{"ty":"st","c":{"a":0,"k":[0,0,0,1]},"o":{"a":0,"k":100},"w":{"a":0,"k":0},"lc":1,"lj":1,"ml":4,"nm":"Stroke 1","mn":"ADBE Vector Graphic - Stroke"},{"ty":"fl","c":{"a":0,"k":[1,0.8,0.0392157,1]},"o":{"a":0,"k":100},"r":1,"nm":"Fill 1","mn":"ADBE Vector Graphic - Fill"},{"ty":"tr","p":{"a":0,"k":[0,0],"ix":2},"a":{"a":0,"k":[0,0],"ix":1},"s":{"a":0,"k":[100,100],"ix":3},"r":{"a":0,"k":0,"ix":6},"o":{"a":1,"k":[{"i":{"x":[0.833],"y":[0.833]},"o":{"x":[0.167],"y":[0.167]},"n":["0p833_0p833_0p167_0p167"],"t":94,"s":[0],"e":[100]},{"i":{"x":[0.833],"y":[0.833]},"o":{"x":[0.167],"y":[0.167]},"n":["0p833_0p833_0p167_0p167"],"t":95,"s":[100],"e":[100]},{"i":{"x":[0.833],"y":[0.833]},"o":{"x":[0.167],"y":[0.167]},"n":["0p833_0p833_0p167_0p167"],"t":168,"s":[100],"e":[0]},{"t":170}],"ix":7},"sk":{"a":0,"k":0,"ix":4},"sa":{"a":0,"k":0,"ix":5},"nm":"Transform"}],"nm":"Shape 9","np":3,"cix":2,"ix":5,"mn":"ADBE Vector Group"}],"ip":0,"op":318,"st":-112,"bm":0,"sr":1},{"ddd":0,"ind":9,"ty":4,"nm":"step_2","ks":{"o":{"a":0,"k":100},"r":{"a":0,"k":0},"p":{"a":0,"k":[229,225,0]},"a":{"a":0,"k":[0,0,0]},"s":{"a":0,"k":[100,100,100]}},"ao":0,"shapes":[{"ty":"gr","it":[{"ind":0,"ty":"sh","ix":1,"ks":{"a":0,"k":{"i":[[0,0],[0,0]],"o":[[0,0],[0,0]],"v":[[64.25,131],[64.25,110]],"c":false}},"nm":"Path 1","mn":"ADBE Vector Shape - Group"},{"ind":1,"ty":"sh","ix":2,"ks":{"a":0,"k":{"i":[[0,0],[0,0]],"o":[[0,0],[0,0]],"v":[[48.5,131],[48.5,110]],"c":false}},"nm":"Path 2","mn":"ADBE Vector Shape - Group"},{"ind":2,"ty":"sh","ix":3,"ks":{"a":0,"k":{"i":[[0,0],[0,0]],"o":[[0,0],[0,0]],"v":[[33.25,131],[33.25,110]],"c":false}},"nm":"Path 3","mn":"ADBE Vector Shape - Group"},{"ind":3,"ty":"sh","ix":4,"ks":{"a":0,"k":{"i":[[0,0],[0,0]],"o":[[0,0],[0,0]],"v":[[17.75,131],[17.75,110]],"c":false}},"nm":"Path 4","mn":"ADBE Vector Shape - Group"},{"ind":4,"ty":"sh","ix":5,"ks":{"a":0,"k":{"i":[[0,0],[0,0]],"o":[[0,0],[0,0]],"v":[[2.5,131],[2.5,110]],"c":false}},"nm":"Path 5","mn":"ADBE Vector Shape - Group"},{"ty":"gr","it":[{"ind":0,"ty":"sh","ix":1,"ks":{"a":0,"k":{"i":[[0,0],[0,0]],"o":[[0,0],[0,0]],"v":[[65.125,131],[65.125,110]],"c":false}},"nm":"Path 1","mn":"ADBE Vector Shape - Group"},{"ty":"st","c":{"a":0,"k":[0,0,0,1]},"o":{"a":0,"k":100},"w":{"a":0,"k":6},"lc":1,"lj":1,"ml":4,"nm":"Stroke 1","mn":"ADBE Vector Graphic - Stroke"},{"ty":"tr","p":{"a":0,"k":[13.763,0],"ix":2},"a":{"a":0,"k":[0,0],"ix":1},"s":{"a":0,"k":[100,100],"ix":3},"r":{"a":0,"k":0,"ix":6},"o":{"a":0,"k":100,"ix":7},"sk":{"a":0,"k":0,"ix":4},"sa":{"a":0,"k":0,"ix":5},"nm":"Transform"}],"nm":"Shape 5","np":3,"cix":2,"ix":6,"mn":"ADBE Vector Group"},{"ty":"st","c":{"a":0,"k":[0,0,0,1]},"o":{"a":0,"k":100},"w":{"a":0,"k":6},"lc":1,"lj":1,"ml":4,"nm":"Stroke 1","mn":"ADBE Vector Graphic - Stroke"},{"ty":"tr","p":{"a":0,"k":[13.763,0],"ix":2},"a":{"a":0,"k":[0,0],"ix":1},"s":{"a":1,"k":[{"i":{"x":[0.667,0.667],"y":[1,0.667]},"o":{"x":[0.333,0.333],"y":[0,0.333]},"n":["0p667_1_0p333_0","0p667_0p667_0p333_0p333"],"t":53,"s":[0,100],"e":[100,100]},{"i":{"x":[0.667,0.667],"y":[0.667,0.667]},"o":{"x":[0.167,0.167],"y":[0.167,0.167]},"n":["0p667_0p667_0p167_0p167","0p667_0p667_0p167_0p167"],"t":60,"s":[100,100],"e":[100,100]},{"i":{"x":[0.833,0.833],"y":[1,0.833]},"o":{"x":[0.167,0.167],"y":[0,0.167]},"n":["0p833_1_0p167_0","0p833_0p833_0p167_0p167"],"t":83,"s":[100,100],"e":[0,100]},{"t":88}],"ix":3},"r":{"a":0,"k":0,"ix":6},"o":{"a":1,"k":[{"i":{"x":[0.833],"y":[0.833]},"o":{"x":[0.167],"y":[0.167]},"n":["0p833_0p833_0p167_0p167"],"t":46,"s":[0],"e":[100]},{"i":{"x":[0.833],"y":[0.833]},"o":{"x":[0.167],"y":[0.167]},"n":["0p833_0p833_0p167_0p167"],"t":53,"s":[100],"e":[100]},{"i":{"x":[0.833],"y":[0.833]},"o":{"x":[0.167],"y":[0.167]},"n":["0p833_0p833_0p167_0p167"],"t":88,"s":[100],"e":[0]},{"t":91}],"ix":7},"sk":{"a":0,"k":0,"ix":4},"sa":{"a":0,"k":0,"ix":5},"nm":"Transform"}],"nm":"Shape 6","np":8,"cix":2,"ix":1,"mn":"ADBE Vector Group"},{"ty":"gr","it":[{"ind":0,"ty":"sh","ix":1,"ks":{"a":0,"k":{"i":[[0,0],[0,0],[0,0]],"o":[[0,0],[0,0],[0,0]],"v":[[2.25,110.25],[91.5,110.25],[107.75,110.25]],"c":false}},"nm":"Path 1","mn":"ADBE Vector Shape - Group"},{"ty":"tm","s":{"a":1,"k":[{"i":{"x":[0.667],"y":[1]},"o":{"x":[0.333],"y":[0]},"n":["0p667_1_0p333_0"],"t":54,"s":[51],"e":[0]},{"i":{"x":[0.667],"y":[0.667]},"o":{"x":[0.333],"y":[0.333]},"n":["0p667_0p667_0p333_0p333"],"t":62,"s":[0],"e":[0]},{"i":{"x":[0.833],"y":[1]},"o":{"x":[0.333],"y":[0]},"n":["0p833_1_0p333_0"],"t":78,"s":[0],"e":[100]},{"t":88}],"ix":1},"e":{"a":1,"k":[{"i":{"x":[0.667],"y":[1]},"o":{"x":[0.333],"y":[0]},"n":["0p667_1_0p333_0"],"t":54,"s":[51],"e":[100]},{"i":{"x":[0.667],"y":[0.667]},"o":{"x":[0.333],"y":[0.333]},"n":["0p667_0p667_0p333_0p333"],"t":62,"s":[100],"e":[100]},{"t":78}],"ix":2},"o":{"a":0,"k":0,"ix":3},"m":1,"ix":2,"nm":"Trim Paths 1","mn":"ADBE Vector Filter - Trim"},{"ty":"st","c":{"a":0,"k":[0,0,0,1]},"o":{"a":0,"k":100},"w":{"a":0,"k":6},"lc":1,"lj":1,"ml":4,"nm":"Stroke 1","mn":"ADBE Vector Graphic - Stroke"},{"ty":"tr","p":{"a":0,"k":[0,0],"ix":2},"a":{"a":0,"k":[0,0],"ix":1},"s":{"a":0,"k":[100,100],"ix":3},"r":{"a":0,"k":0,"ix":6},"o":{"a":0,"k":100,"ix":7},"sk":{"a":0,"k":0,"ix":4},"sa":{"a":0,"k":0,"ix":5},"nm":"Transform"}],"nm":"Shape 4","np":4,"cix":2,"ix":2,"mn":"ADBE Vector Group"},{"ty":"gr","it":[{"ty":"rc","d":1,"s":{"a":0,"k":[106.234,35.073]},"p":{"a":0,"k":[0,0]},"r":{"a":0,"k":0},"nm":"Rectangle Path 1","mn":"ADBE Vector Shape - Rect"},{"ty":"tm","s":{"a":1,"k":[{"i":{"x":[0.667],"y":[1]},"o":{"x":[0.333],"y":[0]},"n":["0p667_1_0p333_0"],"t":55,"s":[78],"e":[0]},{"i":{"x":[0.667],"y":[0.667]},"o":{"x":[0.333],"y":[0.333]},"n":["0p667_0p667_0p333_0p333"],"t":62,"s":[0],"e":[0]},{"i":{"x":[0.833],"y":[1]},"o":{"x":[0.333],"y":[0]},"n":["0p833_1_0p333_0"],"t":82,"s":[0],"e":[100]},{"t":88}],"ix":1},"e":{"a":1,"k":[{"i":{"x":[0.667],"y":[1]},"o":{"x":[0.333],"y":[0]},"n":["0p667_1_0p333_0"],"t":55,"s":[78],"e":[100]},{"i":{"x":[0.667],"y":[0.667]},"o":{"x":[0.333],"y":[0.333]},"n":["0p667_0p667_0p333_0p333"],"t":62,"s":[100],"e":[100]},{"t":82}],"ix":2},"o":{"a":0,"k":0,"ix":3},"m":1,"ix":2,"nm":"Trim Paths 1","mn":"ADBE Vector Filter - Trim"},{"ty":"st","c":{"a":0,"k":[0,0,0,1]},"o":{"a":0,"k":100},"w":{"a":0,"k":6},"lc":1,"lj":1,"ml":4,"nm":"Stroke 1","mn":"ADBE Vector Graphic - Stroke"},{"ty":"tr","p":{"a":0,"k":[54.867,114.037],"ix":2},"a":{"a":0,"k":[0,0],"ix":1},"s":{"a":0,"k":[100,100],"ix":3},"r":{"a":0,"k":0,"ix":6},"o":{"a":0,"k":100,"ix":7},"sk":{"a":0,"k":0,"ix":4},"sa":{"a":0,"k":0,"ix":5},"nm":"Transform"}],"nm":"Rectangle 2","np":4,"cix":2,"ix":3,"mn":"ADBE Vector Group"},{"ty":"gr","it":[{"ind":0,"ty":"sh","ix":1,"ks":{"a":0,"k":{"i":[[0,0],[0,0]],"o":[[0,0],[0,0]],"v":[[55,-37],[55,96.5]],"c":false}},"nm":"Path 1","mn":"ADBE Vector Shape - Group"},{"ty":"tm","s":{"a":1,"k":[{"i":{"x":[0.667],"y":[1]},"o":{"x":[0.333],"y":[0]},"n":["0p667_1_0p333_0"],"t":54,"s":[71],"e":[0]},{"i":{"x":[0.667],"y":[0.667]},"o":{"x":[0.333],"y":[0.333]},"n":["0p667_0p667_0p333_0p333"],"t":62,"s":[0],"e":[0]},{"i":{"x":[0.833],"y":[1]},"o":{"x":[0.333],"y":[0]},"n":["0p833_1_0p333_0"],"t":79,"s":[0],"e":[68]},{"t":88}],"ix":1},"e":{"a":1,"k":[{"i":{"x":[0.667],"y":[1]},"o":{"x":[0.333],"y":[0]},"n":["0p667_1_0p333_0"],"t":54,"s":[71],"e":[100]},{"i":{"x":[0.667],"y":[0.667]},"o":{"x":[0.333],"y":[0.333]},"n":["0p667_0p667_0p333_0p333"],"t":62,"s":[100],"e":[100]},{"i":{"x":[0.833],"y":[1]},"o":{"x":[0.333],"y":[0]},"n":["0p833_1_0p333_0"],"t":79,"s":[100],"e":[68]},{"t":88}],"ix":2},"o":{"a":0,"k":-239,"ix":3},"m":1,"ix":2,"nm":"Trim Paths 1","mn":"ADBE Vector Filter - Trim"},{"ty":"st","c":{"a":0,"k":[0,0,0,1]},"o":{"a":0,"k":100},"w":{"a":0,"k":6},"lc":2,"lj":1,"ml":4,"nm":"Stroke 1","mn":"ADBE Vector Graphic - Stroke"},{"ty":"tr","p":{"a":0,"k":[0,0],"ix":2},"a":{"a":0,"k":[0,0],"ix":1},"s":{"a":0,"k":[100,100],"ix":3},"r":{"a":0,"k":0,"ix":6},"o":{"a":0,"k":100,"ix":7},"sk":{"a":0,"k":0,"ix":4},"sa":{"a":0,"k":0,"ix":5},"nm":"Transform"}],"nm":"Shape 3","np":4,"cix":2,"ix":4,"mn":"ADBE Vector Group"},{"ty":"gr","it":[{"ind":0,"ty":"sh","ix":1,"ks":{"a":0,"k":{"i":[[0,0],[0,0],[-4,13.75]],"o":[[0,0],[0,0],[1.863,-6.406]],"v":[[-13.5,53],[-23.5,90.25],[-3,74]],"c":true}},"nm":"Path 1","mn":"ADBE Vector Shape - Group"},{"ty":"tm","s":{"a":1,"k":[{"i":{"x":[0.667],"y":[1]},"o":{"x":[0.333],"y":[0]},"n":["0p667_1_0p333_0"],"t":55,"s":[90],"e":[0]},{"i":{"x":[0.667],"y":[0.667]},"o":{"x":[0.333],"y":[0.333]},"n":["0p667_0p667_0p333_0p333"],"t":65,"s":[0],"e":[0]},{"i":{"x":[0.833],"y":[1]},"o":{"x":[0.333],"y":[0]},"n":["0p833_1_0p333_0"],"t":76,"s":[0],"e":[50]},{"t":84}],"ix":1},"e":{"a":1,"k":[{"i":{"x":[0.667],"y":[1]},"o":{"x":[0.333],"y":[0]},"n":["0p667_1_0p333_0"],"t":55,"s":[90],"e":[100]},{"i":{"x":[0.667],"y":[0.667]},"o":{"x":[0.333],"y":[0.333]},"n":["0p667_0p667_0p333_0p333"],"t":65,"s":[100],"e":[100]},{"i":{"x":[0.833],"y":[1]},"o":{"x":[0.333],"y":[0]},"n":["0p833_1_0p333_0"],"t":76,"s":[100],"e":[50]},{"t":84}],"ix":2},"o":{"a":0,"k":0,"ix":3},"m":1,"ix":2,"nm":"Trim Paths 1","mn":"ADBE Vector Filter - Trim"},{"ty":"st","c":{"a":0,"k":[0,0,0,1]},"o":{"a":0,"k":100},"w":{"a":0,"k":6},"lc":1,"lj":1,"ml":4,"nm":"Stroke 1","mn":"ADBE Vector Graphic - Stroke"},{"ty":"tr","p":{"a":0,"k":[0,0],"ix":2},"a":{"a":0,"k":[0,0],"ix":1},"s":{"a":0,"k":[100,100],"ix":3},"r":{"a":0,"k":0,"ix":6},"o":{"a":0,"k":100,"ix":7},"sk":{"a":0,"k":0,"ix":4},"sa":{"a":0,"k":0,"ix":5},"nm":"Transform"}],"nm":"Shape 2","np":4,"cix":2,"ix":5,"mn":"ADBE Vector Group"},{"ty":"gr","it":[{"ind":0,"ty":"sh","ix":1,"ks":{"a":0,"k":{"i":[[0,0],[-11.37,-6.101],[-22.75,-1.5],[-14.104,7.184],[0,0]],"o":[[0,0],[20.5,11],[22.75,1.5],[14.104,-7.184],[0,0]],"v":[[-115,26.5],[-95.75,6.25],[-63.75,-7.75],[-34.604,7.684],[-5,24]],"c":false}},"nm":"Path 1","mn":"ADBE Vector Shape - Group"},{"ty":"tm","s":{"a":1,"k":[{"i":{"x":[0.667],"y":[1]},"o":{"x":[0.333],"y":[0]},"n":["0p667_1_0p333_0"],"t":53,"s":[80],"e":[0]},{"i":{"x":[0.667],"y":[0.667]},"o":{"x":[0.333],"y":[0.333]},"n":["0p667_0p667_0p333_0p333"],"t":59,"s":[0],"e":[0]},{"i":{"x":[0.833],"y":[1]},"o":{"x":[0.333],"y":[0]},"n":["0p833_1_0p333_0"],"t":71,"s":[0],"e":[100]},{"t":85}],"ix":1},"e":{"a":1,"k":[{"i":{"x":[0.667],"y":[1]},"o":{"x":[0.333],"y":[0]},"n":["0p667_1_0p333_0"],"t":53,"s":[80],"e":[100]},{"i":{"x":[0.667],"y":[0.667]},"o":{"x":[0.333],"y":[0.333]},"n":["0p667_0p667_0p333_0p333"],"t":59,"s":[100],"e":[100]},{"t":71}],"ix":2},"o":{"a":0,"k":0,"ix":3},"m":1,"ix":2,"nm":"Trim Paths 1","mn":"ADBE Vector Filter - Trim"},{"ty":"st","c":{"a":0,"k":[0,0,0,1]},"o":{"a":0,"k":100},"w":{"a":0,"k":6},"lc":1,"lj":1,"ml":4,"nm":"Stroke 1","mn":"ADBE Vector Graphic - Stroke"},{"ty":"tr","p":{"a":1,"k":[{"i":{"x":0.667,"y":1},"o":{"x":0.333,"y":0},"n":"0p667_1_0p333_0","t":53,"s":[0,20],"e":[0,0],"to":[0,-3.33333325386047],"ti":[0,3.33333325386047]},{"t":59}],"ix":2},"a":{"a":0,"k":[0,0],"ix":1},"s":{"a":1,"k":[{"i":{"x":[0.667,0.667],"y":[1,1]},"o":{"x":[0.333,0.333],"y":[0,0]},"n":["0p667_1_0p333_0","0p667_1_0p333_0"],"t":53,"s":[79.04,79.04],"e":[100,100]},{"t":59}],"ix":3},"r":{"a":0,"k":0,"ix":6},"o":{"a":0,"k":100,"ix":7},"sk":{"a":0,"k":0,"ix":4},"sa":{"a":0,"k":0,"ix":5},"nm":"Transform"}],"nm":"Shape 1","np":4,"cix":2,"ix":6,"mn":"ADBE Vector Group"},{"ty":"gr","it":[{"ty":"rc","d":1,"s":{"a":0,"k":[20.84,97.25]},"p":{"a":0,"k":[0,0]},"r":{"a":0,"k":22},"nm":"Rectangle Path 1","mn":"ADBE Vector Shape - Rect"},{"ty":"tm","s":{"a":1,"k":[{"i":{"x":[0.667],"y":[1]},"o":{"x":[0.333],"y":[0]},"n":["0p667_1_0p333_0"],"t":56,"s":[99],"e":[0]},{"i":{"x":[0.667],"y":[0.667]},"o":{"x":[0.333],"y":[0.333]},"n":["0p667_0p667_0p333_0p333"],"t":62,"s":[0],"e":[0]},{"i":{"x":[0.667],"y":[1]},"o":{"x":[0.333],"y":[0]},"n":["0p667_1_0p333_0"],"t":79,"s":[0],"e":[100]},{"t":87}],"ix":1},"e":{"a":0,"k":100,"ix":2},"o":{"a":0,"k":-206,"ix":3},"m":1,"ix":2,"nm":"Trim Paths 1","mn":"ADBE Vector Filter - Trim"},{"ty":"st","c":{"a":0,"k":[0,0,0,1]},"o":{"a":0,"k":100},"w":{"a":0,"k":6},"lc":1,"lj":1,"ml":4,"nm":"Stroke 1","mn":"ADBE Vector Graphic - Stroke"},{"ty":"tr","p":{"a":0,"k":[54.889,-85.02],"ix":2},"a":{"a":0,"k":[0,0],"ix":1},"s":{"a":0,"k":[100,100],"ix":3},"r":{"a":0,"k":0,"ix":6},"o":{"a":0,"k":100,"ix":7},"sk":{"a":0,"k":0,"ix":4},"sa":{"a":0,"k":0,"ix":5},"nm":"Transform"}],"nm":"Rectangle 1","np":4,"cix":2,"ix":7,"mn":"ADBE Vector Group"}],"ip":0,"op":318,"st":-112,"bm":0,"sr":1},{"ddd":0,"ind":10,"ty":4,"nm":"step_1","ks":{"o":{"a":0,"k":100},"r":{"a":0,"k":0},"p":{"a":0,"k":[228.351,220.087,0]},"a":{"a":0,"k":[0,0,0]},"s":{"a":0,"k":[100,100,100]}},"ao":0,"shapes":[{"ty":"gr","it":[{"ind":0,"ty":"sh","ix":1,"ks":{"a":0,"k":{"i":[[0,0],[0,0],[0,0],[0,0],[0,0]],"o":[[0,0],[0,0],[0,0],[0,0],[0,0]],"v":[[-102.667,-114],[-120.833,-96.833],[-96.5,-59.833],[-82.039,-74.546],[-65.167,-89.833]],"c":true}},"nm":"Path 1","mn":"ADBE Vector Shape - Group"},{"ty":"tm","s":{"a":1,"k":[{"i":{"x":[0.667],"y":[1]},"o":{"x":[0.333],"y":[0]},"n":["0p667_1_0p333_0"],"t":3,"s":[69],"e":[0]},{"i":{"x":[0.667],"y":[0.667]},"o":{"x":[0.333],"y":[0.333]},"n":["0p667_0p667_0p333_0p333"],"t":18,"s":[0],"e":[0]},{"i":{"x":[0.833],"y":[1]},"o":{"x":[0.333],"y":[0]},"n":["0p833_1_0p333_0"],"t":33,"s":[0],"e":[20]},{"t":54}],"ix":1},"e":{"a":1,"k":[{"i":{"x":[0.667],"y":[1]},"o":{"x":[0.333],"y":[0]},"n":["0p667_1_0p333_0"],"t":3,"s":[69],"e":[100]},{"i":{"x":[0.667],"y":[0.667]},"o":{"x":[0.333],"y":[0.333]},"n":["0p667_0p667_0p333_0p333"],"t":18,"s":[100],"e":[100]},{"i":{"x":[0.833],"y":[1]},"o":{"x":[0.333],"y":[0]},"n":["0p833_1_0p333_0"],"t":33,"s":[100],"e":[20]},{"t":54}],"ix":2},"o":{"a":0,"k":0,"ix":3},"m":1,"ix":2,"nm":"Trim Paths 1","mn":"ADBE Vector Filter - Trim"},{"ty":"st","c":{"a":0,"k":[0,0,0,1]},"o":{"a":0,"k":100},"w":{"a":0,"k":6},"lc":2,"lj":2,"nm":"Stroke 1","mn":"ADBE Vector Graphic - Stroke"},{"ty":"fl","c":{"a":0,"k":[1,0.8,0.0392157,1]},"o":{"a":1,"k":[{"i":{"x":[0.833],"y":[0.833]},"o":{"x":[0.167],"y":[0.167]},"n":["0p833_0p833_0p167_0p167"],"t":39,"s":[100],"e":[0]},{"t":44}]},"r":1,"nm":"Fill 1","mn":"ADBE Vector Graphic - Fill"},{"ty":"tr","p":{"a":0,"k":[0,0],"ix":2},"a":{"a":0,"k":[0,0],"ix":1},"s":{"a":0,"k":[100,100],"ix":3},"r":{"a":0,"k":0,"ix":6},"o":{"a":0,"k":100,"ix":7},"sk":{"a":0,"k":0,"ix":4},"sa":{"a":0,"k":0,"ix":5},"nm":"Transform"}],"nm":"Shape 3","np":4,"cix":2,"ix":1,"mn":"ADBE Vector Group"},{"ty":"gr","it":[{"ind":0,"ty":"sh","ix":1,"ks":{"a":0,"k":{"i":[[0,0],[0,0]],"o":[[0,0],[0,0]],"v":[[-82.5,-74],[40.5,49.5]],"c":true}},"nm":"Path 1","mn":"ADBE Vector Shape - Group"},{"ty":"tm","s":{"a":1,"k":[{"i":{"x":[0.667],"y":[1]},"o":{"x":[0.333],"y":[0]},"n":["0p667_1_0p333_0"],"t":-7,"s":[70],"e":[4]},{"i":{"x":[0.667],"y":[1]},"o":{"x":[0.333],"y":[0]},"n":["0p667_1_0p333_0"],"t":17,"s":[4],"e":[90]},{"t":52}],"ix":1},"e":{"a":1,"k":[{"i":{"x":[0.667],"y":[1]},"o":{"x":[0.333],"y":[0]},"n":["0p667_1_0p333_0"],"t":-7,"s":[70],"e":[100]},{"i":{"x":[0.667],"y":[1]},"o":{"x":[0.333],"y":[0]},"n":["0p667_1_0p333_0"],"t":17,"s":[100],"e":[90]},{"t":52}],"ix":2},"o":{"a":0,"k":0,"ix":3},"m":1,"ix":2,"nm":"Trim Paths 1","mn":"ADBE Vector Filter - Trim"},{"ty":"st","c":{"a":0,"k":[0,0,0,1]},"o":{"a":0,"k":100},"w":{"a":0,"k":6},"lc":2,"lj":1,"ml":4,"nm":"Stroke 1","mn":"ADBE Vector Graphic - Stroke"},{"ty":"tr","p":{"a":0,"k":[0,0],"ix":2},"a":{"a":0,"k":[0,0],"ix":1},"s":{"a":0,"k":[100,100],"ix":3},"r":{"a":0,"k":0,"ix":6},"o":{"a":0,"k":100,"ix":7},"sk":{"a":0,"k":0,"ix":4},"sa":{"a":0,"k":0,"ix":5},"nm":"Transform"}],"nm":"Shape 2","np":4,"cix":2,"ix":2,"mn":"ADBE Vector Group"},{"ty":"gr","it":[{"ind":0,"ty":"sh","ix":1,"ks":{"a":0,"k":{"i":[[0,0],[0,0],[0,0],[0,0],[-13.359,11.663],[0,0]],"o":[[0,0],[0,0],[0,0],[0,0],[10.5,-9.167],[0,0]],"v":[[59,29.5],[39.65,49.625],[21.5,68.5],[66,114.333],[102.833,110.5],[107.167,78.5]],"c":true}},"nm":"Path 1","mn":"ADBE Vector Shape - Group"},{"ty":"tm","s":{"a":1,"k":[{"i":{"x":[0.833],"y":[0.833]},"o":{"x":[1],"y":[0.035]},"n":["0p833_0p833_1_0p035"],"t":-10,"s":[73],"e":[0]},{"i":{"x":[0.833],"y":[0.833]},"o":{"x":[0.167],"y":[0.167]},"n":["0p833_0p833_0p167_0p167"],"t":15,"s":[0],"e":[0]},{"i":{"x":[0.833],"y":[1]},"o":{"x":[0.167],"y":[0.167]},"n":["0p833_1_0p167_0p167"],"t":33,"s":[0],"e":[90]},{"t":50}],"ix":1},"e":{"a":1,"k":[{"i":{"x":[0.833],"y":[0.833]},"o":{"x":[0.632],"y":[0.378]},"n":["0p833_0p833_0p632_0p378"],"t":-10,"s":[73],"e":[100]},{"i":{"x":[0.833],"y":[0.833]},"o":{"x":[0.167],"y":[0.167]},"n":["0p833_0p833_0p167_0p167"],"t":15,"s":[100],"e":[100]},{"i":{"x":[0.833],"y":[1]},"o":{"x":[0.167],"y":[0.167]},"n":["0p833_1_0p167_0p167"],"t":33,"s":[100],"e":[90]},{"t":50}],"ix":2},"o":{"a":0,"k":0,"ix":3},"m":2,"ix":2,"nm":"Trim Paths 1","mn":"ADBE Vector Filter - Trim"},{"ty":"st","c":{"a":0,"k":[0,0,0,1]},"o":{"a":0,"k":100},"w":{"a":0,"k":6},"lc":2,"lj":1,"ml":4,"nm":"Stroke 1","mn":"ADBE Vector Graphic - Stroke"},{"ty":"fl","c":{"a":0,"k":[1,0.8,0.0392157,1]},"o":{"a":1,"k":[{"i":{"x":[0.833],"y":[0.833]},"o":{"x":[0.167],"y":[0.167]},"n":["0p833_0p833_0p167_0p167"],"t":31,"s":[100],"e":[0]},{"t":37}]},"r":1,"nm":"Fill 1","mn":"ADBE Vector Graphic - Fill"},{"ty":"tr","p":{"a":0,"k":[0,0],"ix":2},"a":{"a":0,"k":[0,0],"ix":1},"s":{"a":0,"k":[100,100],"ix":3},"r":{"a":0,"k":0,"ix":6},"o":{"a":0,"k":100,"ix":7},"sk":{"a":0,"k":0,"ix":4},"sa":{"a":0,"k":0,"ix":5},"nm":"Transform"}],"nm":"Shape 1","np":4,"cix":2,"ix":3,"mn":"ADBE Vector Group"}],"ip":0,"op":318,"st":-112,"bm":0,"sr":1}]}
